#pragma once

#ifndef CSCA_CERTIFICATES_H
#define CSCA_CERTIFICATES_H

const unsigned char EmbeddedProdCSCA_1 [] = {
    0x30, 0x82, 0x05, 0xF4, 0x30, 0x82, 0x03, 0xDC, 0xA0, 0x03, 0x02, 0x01, 0x02, 0x02, 0x08, 0x01,
    0x4E, 0x79, 0x3E, 0xA5, 0x5D, 0xCD, 0xA2, 0x30, 0x0D, 0x06, 0x09, 0x2A, 0x86, 0x48, 0x86, 0xF7,
    0x0D, 0x01, 0x01, 0x05, 0x05, 0x00, 0x30, 0x81, 0x85, 0x31, 0x22, 0x30, 0x20, 0x06, 0x03, 0x55,
    0x04, 0x03, 0x0C, 0x19, 0x49, 0x74, 0x61, 0x6C, 0x69, 0x61, 0x6E, 0x20, 0x43, 0x6F, 0x75, 0x6E,
    0x74, 0x72, 0x79, 0x20, 0x53, 0x69, 0x67, 0x6E, 0x65, 0x72, 0x20, 0x43, 0x41, 0x31, 0x33, 0x30,
    0x31, 0x06, 0x03, 0x55, 0x04, 0x0B, 0x0C, 0x2A, 0x4E, 0x61, 0x74, 0x69, 0x6F, 0x6E, 0x61, 0x6C,
    0x20, 0x45, 0x6C, 0x65, 0x63, 0x74, 0x72, 0x6F, 0x6E, 0x69, 0x63, 0x20, 0x43, 0x65, 0x6E, 0x74,
    0x65, 0x72, 0x20, 0x6F, 0x66, 0x20, 0x53, 0x74, 0x61, 0x74, 0x65, 0x20, 0x50, 0x6F, 0x6C, 0x69,
    0x63, 0x65, 0x31, 0x1D, 0x30, 0x1B, 0x06, 0x03, 0x55, 0x04, 0x0A, 0x0C, 0x14, 0x4D, 0x69, 0x6E,
    0x69, 0x73, 0x74, 0x72, 0x79, 0x20, 0x6F, 0x66, 0x20, 0x49, 0x6E, 0x74, 0x65, 0x72, 0x69, 0x6F,
    0x72, 0x31, 0x0B, 0x30, 0x09, 0x06, 0x03, 0x55, 0x04, 0x06, 0x13, 0x02, 0x49, 0x54, 0x30, 0x1E,
    0x17, 0x0D, 0x31, 0x36, 0x30, 0x39, 0x30, 0x36, 0x30, 0x39, 0x34, 0x33, 0x33, 0x31, 0x5A, 0x17,
    0x0D, 0x33, 0x31, 0x31, 0x32, 0x30, 0x32, 0x30, 0x39, 0x34, 0x33, 0x33, 0x31, 0x5A, 0x30, 0x81,
    0x85, 0x31, 0x22, 0x30, 0x20, 0x06, 0x03, 0x55, 0x04, 0x03, 0x0C, 0x19, 0x49, 0x74, 0x61, 0x6C,
    0x69, 0x61, 0x6E, 0x20, 0x43, 0x6F, 0x75, 0x6E, 0x74, 0x72, 0x79, 0x20, 0x53, 0x69, 0x67, 0x6E,
    0x65, 0x72, 0x20, 0x43, 0x41, 0x31, 0x33, 0x30, 0x31, 0x06, 0x03, 0x55, 0x04, 0x0B, 0x0C, 0x2A,
    0x4E, 0x61, 0x74, 0x69, 0x6F, 0x6E, 0x61, 0x6C, 0x20, 0x45, 0x6C, 0x65, 0x63, 0x74, 0x72, 0x6F,
    0x6E, 0x69, 0x63, 0x20, 0x43, 0x65, 0x6E, 0x74, 0x65, 0x72, 0x20, 0x6F, 0x66, 0x20, 0x53, 0x74,
    0x61, 0x74, 0x65, 0x20, 0x50, 0x6F, 0x6C, 0x69, 0x63, 0x65, 0x31, 0x1D, 0x30, 0x1B, 0x06, 0x03,
    0x55, 0x04, 0x0A, 0x0C, 0x14, 0x4D, 0x69, 0x6E, 0x69, 0x73, 0x74, 0x72, 0x79, 0x20, 0x6F, 0x66,
    0x20, 0x49, 0x6E, 0x74, 0x65, 0x72, 0x69, 0x6F, 0x72, 0x31, 0x0B, 0x30, 0x09, 0x06, 0x03, 0x55,
    0x04, 0x06, 0x13, 0x02, 0x49, 0x54, 0x30, 0x82, 0x02, 0x22, 0x30, 0x0D, 0x06, 0x09, 0x2A, 0x86,
    0x48, 0x86, 0xF7, 0x0D, 0x01, 0x01, 0x01, 0x05, 0x00, 0x03, 0x82, 0x02, 0x0F, 0x00, 0x30, 0x82,
    0x02, 0x0A, 0x02, 0x82, 0x02, 0x01, 0x00, 0xB5, 0xF6, 0x70, 0xD3, 0x58, 0xAC, 0xB7, 0xE7, 0x8D,
    0xFD, 0x1D, 0x72, 0xAC, 0xA1, 0x26, 0xA4, 0x96, 0x9E, 0x19, 0x66, 0xBF, 0x71, 0x74, 0x0B, 0x5B,
    0xE6, 0x72, 0x01, 0x63, 0x85, 0x40, 0x78, 0x83, 0x16, 0x10, 0xF3, 0x1A, 0xE3, 0x04, 0xC7, 0xC1,
    0x73, 0xE1, 0x1C, 0x71, 0xF7, 0x40, 0x19, 0xBF, 0xD1, 0xFA, 0x27, 0xAA, 0xC3, 0xF6, 0xBD, 0xDC,
    0x89, 0xA7, 0x52, 0x04, 0x0D, 0xAD, 0x9B, 0x4A, 0x81, 0xCE, 0xC1, 0xB3, 0xE7, 0xB8, 0xDA, 0xAE,
    0xE4, 0xF0, 0xD9, 0x96, 0xDA, 0xB4, 0x58, 0xD9, 0x84, 0x3C, 0xEC, 0xB8, 0x51, 0xAF, 0x89, 0x7B,
    0x18, 0x44, 0xB9, 0x26, 0x8A, 0x83, 0xDF, 0xC0, 0x90, 0xC1, 0xE1, 0x7F, 0xE1, 0x2E, 0xC4, 0xA4,
    0xDD, 0x7D, 0x5D, 0xEF, 0x46, 0x4F, 0x6F, 0xEC, 0x29, 0x84, 0xCF, 0x3A, 0xC2, 0x57, 0x57, 0x45,
    0xEE, 0xAB, 0x5C, 0x1A, 0xC8, 0xB9, 0xDF, 0x0E, 0xFB, 0x96, 0x9C, 0x50, 0xE8, 0x1E, 0x3B, 0xB8,
    0x5A, 0x1C, 0x04, 0x6E, 0x41, 0x6B, 0x19, 0xDF, 0x4B, 0xE4, 0x15, 0xC6, 0x91, 0x82, 0x1A, 0xDA,
    0xD9, 0x3B, 0xC0, 0x42, 0x94, 0x17, 0xD2, 0x6C, 0xE3, 0x9A, 0xAF, 0x3A, 0x0F, 0x96, 0x95, 0x08,
    0xB6, 0xAE, 0x18, 0x0F, 0xEC, 0x5F, 0x52, 0xB8, 0xF1, 0xB2, 0x04, 0x03, 0xA4, 0x9D, 0x86, 0x91,
    0x00, 0x17, 0x04, 0x71, 0x36, 0xB3, 0x61, 0x21, 0x43, 0x59, 0xB2, 0xDA, 0xAC, 0xA2, 0x6D, 0x48,
    0x01, 0x47, 0xAA, 0xBC, 0xB4, 0xE3, 0xB4, 0x12, 0x15, 0x45, 0x2F, 0x09, 0x03, 0x3D, 0x6E, 0xF0,
    0x27, 0x55, 0x56, 0x7E, 0xE6, 0x32, 0x09, 0xDD, 0x3D, 0x55, 0x45, 0xBC, 0xA5, 0x22, 0xF2, 0xFA,
    0xC3, 0x71, 0x09, 0x62, 0x59, 0x56, 0x31, 0xD4, 0x2C, 0x5C, 0x15, 0xA0, 0xCE, 0xE2, 0x6C, 0x65,
    0xCE, 0xC2, 0x31, 0x3E, 0x84, 0x81, 0x47, 0x98, 0x03, 0xDE, 0x8A, 0x14, 0x35, 0xC8, 0x2D, 0x5C,
    0x50, 0x75, 0xB0, 0xEE, 0x69, 0xD5, 0x44, 0x58, 0xA9, 0xA4, 0x31, 0x81, 0x79, 0x0A, 0x1D, 0x1E,
    0x0F, 0x10, 0xA6, 0xB7, 0x48, 0x65, 0xAA, 0x3B, 0xBC, 0x69, 0x90, 0x21, 0xC6, 0xEF, 0x1E, 0x5B,
    0x15, 0x23, 0x68, 0x05, 0x8F, 0xCF, 0x4D, 0xEA, 0x9F, 0x10, 0xA5, 0x4D, 0xDA, 0xF8, 0x83, 0x06,
    0xF3, 0xAF, 0x92, 0xC1, 0xD4, 0xBA, 0xA1, 0x5F, 0x3A, 0xD0, 0x74, 0x4E, 0x1D, 0x7F, 0x02, 0xC8,
    0xD7, 0x9E, 0xB2, 0xF4, 0xEB, 0x50, 0x8E, 0x61, 0xF9, 0x2F, 0xE5, 0x86, 0x94, 0x8E, 0xD3, 0xA0,
    0x38, 0xE4, 0x86, 0x19, 0xD6, 0x42, 0x0D, 0x47, 0x58, 0x6C, 0xD4, 0x6B, 0xB4, 0x74, 0x7D, 0x03,
    0x6A, 0x74, 0x05, 0xA0, 0x90, 0xFC, 0x73, 0xA4, 0x4C, 0x41, 0x7E, 0x4F, 0x3B, 0xB4, 0x1F, 0xDC,
    0x0C, 0xF8, 0x8B, 0xA6, 0x55, 0xF0, 0x01, 0xFD, 0xC4, 0x10, 0x4C, 0x67, 0xF9, 0x22, 0xE7, 0xAD,
    0x07, 0x05, 0x99, 0x67, 0xA8, 0xE3, 0x90, 0xEB, 0x28, 0xD3, 0xA5, 0xF3, 0x4A, 0x6B, 0x15, 0xBD,
    0xB9, 0x91, 0xA2, 0x9A, 0x62, 0xF3, 0x8E, 0x2B, 0xC2, 0x40, 0xF0, 0xAC, 0x5E, 0x3D, 0x2F, 0xC2,
    0xAE, 0x12, 0x54, 0x62, 0xF9, 0x94, 0xA3, 0xFB, 0x5E, 0xA6, 0xAD, 0xFD, 0x82, 0x0E, 0xF6, 0xC6,
    0x02, 0xDF, 0xDA, 0x38, 0x9E, 0x8A, 0x87, 0x1C, 0x78, 0xFC, 0xD7, 0x1A, 0xB5, 0x78, 0x27, 0xF7,
    0x33, 0xB0, 0xDD, 0x37, 0x0C, 0xD0, 0x85, 0xBE, 0x3A, 0x23, 0xBE, 0x22, 0xA4, 0xD3, 0x91, 0xDB,
    0xBE, 0x47, 0x75, 0x1A, 0xF8, 0x7E, 0x1A, 0x8F, 0xA6, 0x94, 0xC7, 0xE1, 0x4B, 0xC6, 0x21, 0x59,
    0x97, 0x5C, 0x15, 0x81, 0x95, 0xB6, 0xB4, 0x13, 0x25, 0xA4, 0x85, 0xCD, 0xB1, 0xA4, 0x06, 0x60,
    0x0D, 0xF6, 0x73, 0x38, 0x92, 0x0F, 0x85, 0x02, 0x03, 0x01, 0x00, 0x01, 0xA3, 0x66, 0x30, 0x64,
    0x30, 0x1D, 0x06, 0x03, 0x55, 0x1D, 0x0E, 0x04, 0x16, 0x04, 0x14, 0x43, 0x6C, 0xE3, 0x92, 0x1D,
    0x10, 0x92, 0x23, 0x07, 0xEF, 0xD7, 0xA2, 0xF5, 0x77, 0xED, 0x75, 0x24, 0x46, 0x7F, 0x1B, 0x30,
    0x12, 0x06, 0x03, 0x55, 0x1D, 0x13, 0x01, 0x01, 0xFF, 0x04, 0x08, 0x30, 0x06, 0x01, 0x01, 0xFF,
    0x02, 0x01, 0x00, 0x30, 0x1F, 0x06, 0x03, 0x55, 0x1D, 0x23, 0x04, 0x18, 0x30, 0x16, 0x80, 0x14,
    0x43, 0x6C, 0xE3, 0x92, 0x1D, 0x10, 0x92, 0x23, 0x07, 0xEF, 0xD7, 0xA2, 0xF5, 0x77, 0xED, 0x75,
    0x24, 0x46, 0x7F, 0x1B, 0x30, 0x0E, 0x06, 0x03, 0x55, 0x1D, 0x0F, 0x01, 0x01, 0xFF, 0x04, 0x04,
    0x03, 0x02, 0x01, 0x06, 0x30, 0x0D, 0x06, 0x09, 0x2A, 0x86, 0x48, 0x86, 0xF7, 0x0D, 0x01, 0x01,
    0x05, 0x05, 0x00, 0x03, 0x82, 0x02, 0x01, 0x00, 0x55, 0xAF, 0xCE, 0xAC, 0xAA, 0x5A, 0x24, 0x91,
    0x73, 0xFB, 0x85, 0x22, 0xFB, 0x86, 0x9D, 0x49, 0xF5, 0x45, 0x1C, 0xD4, 0x23, 0xC4, 0x69, 0x90,
    0xD6, 0xEB, 0xFF, 0x8A, 0xE2, 0x61, 0xF0, 0x28, 0x5B, 0xFF, 0xD1, 0xFB, 0x28, 0xD1, 0x4D, 0x3B,
    0x22, 0xBB, 0x95, 0x0F, 0xBB, 0x13, 0xB0, 0x22, 0x7A, 0x94, 0x9D, 0x9B, 0x4C, 0x25, 0x9F, 0xBE,
    0x8D, 0x23, 0x4A, 0x8D, 0x8F, 0xA4, 0xC8, 0x2D, 0x59, 0x9E, 0x1A, 0xB5, 0xE2, 0x9C, 0x11, 0x80,
    0x4D, 0xDB, 0xB9, 0x3F, 0x93, 0xF9, 0x4A, 0x70, 0xC6, 0x4A, 0xB8, 0x5E, 0xB1, 0x99, 0x9A, 0x50,
    0xFD, 0x6C, 0x0C, 0xE6, 0x58, 0x50, 0xC5, 0x69, 0x2F, 0x2F, 0xB0, 0xA2, 0xAA, 0x13, 0xB7, 0x4F,
    0xEB, 0xC3, 0xAE, 0x18, 0xD9, 0xC2, 0x77, 0xF1, 0xBF, 0x4F, 0xF1, 0xF5, 0xB6, 0x18, 0xAF, 0x61,
    0x9E, 0xFF, 0x4B, 0x44, 0xD4, 0xC9, 0x6E, 0xD2, 0x45, 0x61, 0x83, 0xC5, 0xBE, 0xC4, 0xE7, 0x18,
    0xC1, 0x1A, 0x33, 0x56, 0x5F, 0xD9, 0x9F, 0xC0, 0x7A, 0x14, 0x46, 0xE9, 0x28, 0x55, 0xD6, 0xCC,
    0x74, 0x61, 0xF4, 0xA3, 0x62, 0x3F, 0x4B, 0x7A, 0x43, 0x37, 0x16, 0x34, 0x3F, 0xF1, 0x28, 0x2C,
    0xE7, 0x82, 0x92, 0x60, 0x5E, 0xEA, 0xD1, 0x46, 0x8C, 0x16, 0x22, 0x36, 0x62, 0x03, 0x34, 0x28,
    0x59, 0x09, 0x58, 0x6F, 0x13, 0x3D, 0x86, 0x0F, 0xC4, 0x6D, 0x90, 0x2F, 0x11, 0x8C, 0xF8, 0x60,
    0x19, 0xE7, 0xE5, 0x1F, 0xA8, 0x8E, 0xBC, 0x51, 0xA0, 0x44, 0xE2, 0xFE, 0x75, 0xFB, 0xD2, 0x36,
    0x7C, 0xB7, 0xB6, 0xF1, 0x5E, 0xF5, 0x79, 0x34, 0x0C, 0x89, 0x3F, 0xF0, 0x60, 0x6A, 0x56, 0x8B,
    0x4F, 0xD1, 0x9E, 0xFA, 0x4F, 0x46, 0x5C, 0x71, 0xB0, 0x53, 0xA1, 0xE4, 0x2A, 0x69, 0x6A, 0x64,
    0x01, 0x47, 0x2F, 0xC8, 0x89, 0xB5, 0xF8, 0x06, 0x1B, 0x6B, 0x2E, 0x56, 0x04, 0x48, 0x49, 0xF9,
    0x7C, 0x1F, 0xDC, 0xE9, 0x18, 0x94, 0x25, 0x1A, 0x8C, 0xF5, 0x9F, 0x68, 0x8E, 0x11, 0xC4, 0x38,
    0xCB, 0xD4, 0x9F, 0x44, 0x65, 0xC9, 0x2B, 0x01, 0xFE, 0x69, 0xD5, 0xFA, 0x90, 0xBA, 0xC4, 0x61,
    0x75, 0x26, 0x53, 0xF9, 0x49, 0xF6, 0xF7, 0x34, 0x04, 0x6D, 0x79, 0x6A, 0xF7, 0x9B, 0x9A, 0x8A,
    0xB3, 0x10, 0xF1, 0x13, 0x0B, 0x96, 0x6A, 0x09, 0xC4, 0x90, 0x4A, 0x4C, 0xCE, 0xA6, 0x39, 0x90,
    0x11, 0x4D, 0xDF, 0x75, 0x0B, 0xEB, 0x18, 0x61, 0xB6, 0x5A, 0x6E, 0x5A, 0x84, 0x72, 0xA2, 0xC7,
    0x12, 0x6F, 0x94, 0x0B, 0x90, 0x49, 0xFC, 0xC7, 0xE2, 0xEB, 0xAF, 0xC4, 0xF7, 0x55, 0x0B, 0x88,
    0x99, 0xBD, 0x99, 0x59, 0x57, 0xEF, 0x4F, 0x2C, 0xF2, 0xB3, 0x16, 0xD9, 0x91, 0xE4, 0x37, 0xD0,
    0x57, 0x9C, 0x9B, 0xD5, 0x51, 0x6D, 0xCE, 0xB1, 0x2B, 0xE9, 0xFF, 0x3F, 0x21, 0xB1, 0x83, 0x22,
    0x10, 0xEC, 0xD2, 0xBE, 0x5B, 0xA6, 0x77, 0x7F, 0xC8, 0xD2, 0x41, 0x86, 0x37, 0x5C, 0x13, 0x31,
    0x46, 0x49, 0xDB, 0x9A, 0xA7, 0x94, 0xE5, 0xF9, 0xE0, 0xB1, 0x84, 0x42, 0x99, 0x26, 0x97, 0x78,
    0x7F, 0x74, 0x4F, 0x93, 0xAE, 0x9C, 0x37, 0x14, 0x0D, 0x8E, 0xD2, 0xD0, 0xE9, 0xA9, 0x06, 0x6A,
    0x3F, 0xBA, 0x35, 0x01, 0xBF, 0x4B, 0xEC, 0x27, 0x8A, 0x57, 0x8F, 0x60, 0xFB, 0x31, 0xA8, 0xB1,
    0x3A, 0x3C, 0x4A, 0x6A, 0x3E, 0x06, 0xB1, 0x7D, 0x05, 0x63, 0x19, 0xEF, 0x4B, 0x52, 0x13, 0x14,
    0x59, 0xBE, 0xB3, 0x76, 0xBD, 0x98, 0x8E, 0xB2, 0x3C, 0x52, 0xEC, 0x16, 0x10, 0xCC, 0xCB, 0xD0,
    0x7F, 0xF0, 0x73, 0x79, 0xCB, 0xA4, 0x89, 0x51, 0xAF, 0x47, 0xFA, 0x85, 0x0D, 0x64, 0x1B, 0xA6,
    0x50, 0x2D, 0x02, 0x9F, 0x87, 0x0A, 0xBE, 0x84
};

const unsigned char EmbeddedProdCSCA_2 [] = {
    0x30, 0x82, 0x06, 0x84, 0x30, 0x82, 0x04, 0x6C, 0xA0, 0x03, 0x02, 0x01, 0x02, 0x02, 0x08, 0x12,
    0xF2, 0x43, 0x8F, 0x96, 0xF2, 0xEC, 0x10, 0x30, 0x0D, 0x06, 0x09, 0x2A, 0x86, 0x48, 0x86, 0xF7,
    0x0D, 0x01, 0x01, 0x05, 0x05, 0x00, 0x30, 0x81, 0x85, 0x31, 0x22, 0x30, 0x20, 0x06, 0x03, 0x55,
    0x04, 0x03, 0x0C, 0x19, 0x49, 0x74, 0x61, 0x6C, 0x69, 0x61, 0x6E, 0x20, 0x43, 0x6F, 0x75, 0x6E,
    0x74, 0x72, 0x79, 0x20, 0x53, 0x69, 0x67, 0x6E, 0x65, 0x72, 0x20, 0x43, 0x41, 0x31, 0x33, 0x30,
    0x31, 0x06, 0x03, 0x55, 0x04, 0x0B, 0x0C, 0x2A, 0x4E, 0x61, 0x74, 0x69, 0x6F, 0x6E, 0x61, 0x6C,
    0x20, 0x45, 0x6C, 0x65, 0x63, 0x74, 0x72, 0x6F, 0x6E, 0x69, 0x63, 0x20, 0x43, 0x65, 0x6E, 0x74,
    0x65, 0x72, 0x20, 0x6F, 0x66, 0x20, 0x53, 0x74, 0x61, 0x74, 0x65, 0x20, 0x50, 0x6F, 0x6C, 0x69,
    0x63, 0x65, 0x31, 0x1D, 0x30, 0x1B, 0x06, 0x03, 0x55, 0x04, 0x0A, 0x0C, 0x14, 0x4D, 0x69, 0x6E,
    0x69, 0x73, 0x74, 0x72, 0x79, 0x20, 0x6F, 0x66, 0x20, 0x49, 0x6E, 0x74, 0x65, 0x72, 0x69, 0x6F,
    0x72, 0x31, 0x0B, 0x30, 0x09, 0x06, 0x03, 0x55, 0x04, 0x06, 0x13, 0x02, 0x49, 0x54, 0x30, 0x1E,
    0x17, 0x0D, 0x31, 0x36, 0x30, 0x35, 0x31, 0x38, 0x31, 0x33, 0x32, 0x31, 0x35, 0x39, 0x5A, 0x17,
    0x0D, 0x33, 0x31, 0x30, 0x38, 0x31, 0x33, 0x31, 0x33, 0x32, 0x31, 0x35, 0x39, 0x5A, 0x30, 0x81,
    0x85, 0x31, 0x22, 0x30, 0x20, 0x06, 0x03, 0x55, 0x04, 0x03, 0x0C, 0x19, 0x49, 0x74, 0x61, 0x6C,
    0x69, 0x61, 0x6E, 0x20, 0x43, 0x6F, 0x75, 0x6E, 0x74, 0x72, 0x79, 0x20, 0x53, 0x69, 0x67, 0x6E,
    0x65, 0x72, 0x20, 0x43, 0x41, 0x31, 0x33, 0x30, 0x31, 0x06, 0x03, 0x55, 0x04, 0x0B, 0x0C, 0x2A,
    0x4E, 0x61, 0x74, 0x69, 0x6F, 0x6E, 0x61, 0x6C, 0x20, 0x45, 0x6C, 0x65, 0x63, 0x74, 0x72, 0x6F,
    0x6E, 0x69, 0x63, 0x20, 0x43, 0x65, 0x6E, 0x74, 0x65, 0x72, 0x20, 0x6F, 0x66, 0x20, 0x53, 0x74,
    0x61, 0x74, 0x65, 0x20, 0x50, 0x6F, 0x6C, 0x69, 0x63, 0x65, 0x31, 0x1D, 0x30, 0x1B, 0x06, 0x03,
    0x55, 0x04, 0x0A, 0x0C, 0x14, 0x4D, 0x69, 0x6E, 0x69, 0x73, 0x74, 0x72, 0x79, 0x20, 0x6F, 0x66,
    0x20, 0x49, 0x6E, 0x74, 0x65, 0x72, 0x69, 0x6F, 0x72, 0x31, 0x0B, 0x30, 0x09, 0x06, 0x03, 0x55,
    0x04, 0x06, 0x13, 0x02, 0x49, 0x54, 0x30, 0x82, 0x02, 0x22, 0x30, 0x0D, 0x06, 0x09, 0x2A, 0x86,
    0x48, 0x86, 0xF7, 0x0D, 0x01, 0x01, 0x01, 0x05, 0x00, 0x03, 0x82, 0x02, 0x0F, 0x00, 0x30, 0x82,
    0x02, 0x0A, 0x02, 0x82, 0x02, 0x01, 0x00, 0xD4, 0xB7, 0xB2, 0x9A, 0xD7, 0xC9, 0x95, 0xE4, 0xA3,
    0x43, 0x06, 0x10, 0xC5, 0x83, 0xCB, 0x79, 0xB2, 0xAD, 0x42, 0xBA, 0xBE, 0xE9, 0x2A, 0x18, 0xBD,
    0xBD, 0x27, 0x79, 0x69, 0xB8, 0xDE, 0x00, 0xF3, 0x98, 0x03, 0xD0, 0x83, 0x11, 0x6F, 0x78, 0x5A,
    0xC9, 0xFE, 0x4F, 0x30, 0xE5, 0xB2, 0xAC, 0x64, 0xA6, 0x7E, 0x39, 0x70, 0x4B, 0x15, 0xC3, 0x55,
    0xA0, 0x77, 0x86, 0x6E, 0x1D, 0x2B, 0x66, 0x41, 0x30, 0x6A, 0x83, 0xDC, 0x7E, 0x31, 0x3C, 0x31,
    0xAB, 0xF7, 0x84, 0x83, 0x95, 0x88, 0xBD, 0xAE, 0xAC, 0xDD, 0xA6, 0x90, 0x32, 0x4F, 0x83, 0xF1,
    0xC1, 0x13, 0xAB, 0xB7, 0xCB, 0x72, 0x90, 0x63, 0x23, 0x25, 0x02, 0x99, 0xC6, 0xE5, 0x00, 0x52,
    0x49, 0x64, 0x6B, 0x48, 0x44, 0xFA, 0xD1, 0xE5, 0x7A, 0x29, 0x26, 0xEA, 0x35, 0xC5, 0x89, 0x9E,
    0x86, 0xF7, 0x8A, 0xB3, 0x42, 0xE4, 0x9D, 0x94, 0xB0, 0xE2, 0x5E, 0xA3, 0xB9, 0x69, 0xDC, 0x76,
    0x90, 0x92, 0xC5, 0xF4, 0x22, 0x07, 0x0D, 0xA6, 0x4B, 0x23, 0x20, 0x4A, 0xE8, 0xD7, 0xCA, 0xCC,
    0xD0, 0x05, 0x40, 0x1A, 0x4E, 0x58, 0x79, 0xFB, 0xA9, 0xA9, 0x40, 0x2C, 0xB2, 0xD7, 0x97, 0xCF,
    0x4E, 0x80, 0x4D, 0xEE, 0xBD, 0x5A, 0x1A, 0xEA, 0xCE, 0xB0, 0x4B, 0x18, 0xD4, 0x8D, 0x7A, 0x1E,
    0x86, 0x9D, 0x92, 0x47, 0x4F, 0xF7, 0x28, 0x29, 0xDE, 0x52, 0x03, 0x6E, 0x10, 0x30, 0x7D, 0xE9,
    0x92, 0xD2, 0x79, 0x31, 0xBD, 0x80, 0x86, 0xEF, 0xEA, 0x7D, 0x3A, 0xB7, 0x03, 0x8D, 0xB3, 0x46,
    0x85, 0xD5, 0xE3, 0x35, 0xB6, 0x47, 0xA4, 0x3F, 0xD5, 0xB6, 0x0E, 0x42, 0x98, 0x34, 0xF1, 0x67,
    0xA7, 0x81, 0x9F, 0x5D, 0x70, 0x6D, 0x90, 0x91, 0x5A, 0xCF, 0x27, 0x2F, 0xEA, 0xBD, 0x44, 0x29,
    0x9D, 0x6F, 0xAD, 0xCE, 0xA6, 0xB3, 0xA8, 0x3A, 0x55, 0x7B, 0xCE, 0xDB, 0xFC, 0xB7, 0x36, 0x90,
    0x70, 0x0C, 0xDF, 0x7A, 0xCB, 0xFB, 0x10, 0x03, 0x61, 0x9C, 0xEC, 0x7B, 0x84, 0x9A, 0x55, 0xC1,
    0x6B, 0xAB, 0x02, 0x0C, 0x9C, 0x3C, 0x04, 0xCD, 0x31, 0xFB, 0xFE, 0x71, 0xDD, 0x8D, 0xA6, 0x48,
    0x22, 0x7E, 0x41, 0x22, 0x31, 0xE4, 0xD3, 0x59, 0xEE, 0x40, 0xA3, 0xDB, 0xE4, 0x94, 0xE1, 0xB8,
    0x75, 0xB0, 0x17, 0x17, 0x09, 0x9F, 0x3B, 0x4D, 0x7A, 0xB7, 0xB8, 0x12, 0xB0, 0x7A, 0xA4, 0x75,
    0xD7, 0xCC, 0xD5, 0x3A, 0xD7, 0x9A, 0x44, 0xEE, 0x5B, 0x92, 0xE7, 0x75, 0xCD, 0x3A, 0x20, 0x51,
    0x44, 0x61, 0x87, 0x08, 0xF9, 0xE7, 0xCF, 0x11, 0xB3, 0x18, 0x13, 0xAD, 0xDE, 0x28, 0x9E, 0xD4,
    0xCB, 0xC9, 0x13, 0xCC, 0x72, 0xC1, 0x49, 0x31, 0xEE, 0x92, 0xE8, 0xB0, 0xA5, 0x17, 0x77, 0x5E,
    0xBC, 0x3E, 0x19, 0x15, 0x0D, 0x0A, 0xEE, 0xD2, 0xB9, 0x00, 0x9B, 0x54, 0x0D, 0x22, 0xCC, 0xC3,
    0x38, 0x67, 0x45, 0x22, 0xDF, 0x6C, 0x0A, 0x48, 0xF6, 0xAA, 0x25, 0xB9, 0x47, 0x5A, 0x59, 0xF1,
    0xDA, 0x2A, 0xAA, 0xB0, 0xFD, 0x93, 0xD5, 0xF3, 0xDC, 0x98, 0x6A, 0x91, 0xA9, 0x5B, 0x51, 0x47,
    0xEE, 0x46, 0xEA, 0xD5, 0xA1, 0x17, 0x5E, 0x7E, 0x90, 0xB5, 0x89, 0x24, 0x89, 0xF8, 0xA0, 0xFD,
    0xDE, 0xF2, 0xE3, 0xFF, 0xE1, 0x70, 0x46, 0xF4, 0x52, 0x15, 0xF5, 0xE1, 0x92, 0xCD, 0xC5, 0x5F,
    0x44, 0xF5, 0xC7, 0x62, 0xB9, 0x4F, 0x20, 0x95, 0x8C, 0x9E, 0x3F, 0xB9, 0xB1, 0x20, 0x59, 0x03,
    0x4A, 0x87, 0x54, 0x07, 0x35, 0x9C, 0xD9, 0x20, 0x18, 0x8F, 0xB9, 0x17, 0x8D, 0x99, 0x25, 0xA4,
    0xB5, 0x01, 0xD2, 0x92, 0x4F, 0x54, 0x7E, 0xE4, 0x38, 0x5F, 0xB5, 0x64, 0x2A, 0x0E, 0xC4, 0x25,
    0x47, 0xC1, 0x8E, 0x97, 0xC5, 0x5C, 0x69, 0x02, 0x03, 0x01, 0x00, 0x01, 0xA3, 0x81, 0xF5, 0x30,
    0x81, 0xF2, 0x30, 0x1D, 0x06, 0x03, 0x55, 0x1D, 0x0E, 0x04, 0x16, 0x04, 0x14, 0x85, 0x2D, 0xF7,
    0xA7, 0x0A, 0x51, 0x2D, 0x83, 0x10, 0x3D, 0xFB, 0xC9, 0xF6, 0x28, 0xCB, 0x6B, 0x1C, 0xEE, 0x55,
    0x91, 0x30, 0x12, 0x06, 0x03, 0x55, 0x1D, 0x13, 0x01, 0x01, 0xFF, 0x04, 0x08, 0x30, 0x06, 0x01,
    0x01, 0xFF, 0x02, 0x01, 0x00, 0x30, 0x1F, 0x06, 0x03, 0x55, 0x1D, 0x23, 0x04, 0x18, 0x30, 0x16,
    0x80, 0x14, 0x85, 0x2D, 0xF7, 0xA7, 0x0A, 0x51, 0x2D, 0x83, 0x10, 0x3D, 0xFB, 0xC9, 0xF6, 0x28,
    0xCB, 0x6B, 0x1C, 0xEE, 0x55, 0x91, 0x30, 0x4C, 0x06, 0x03, 0x55, 0x1D, 0x1F, 0x04, 0x45, 0x30,
    0x43, 0x30, 0x41, 0xA0, 0x3F, 0xA0, 0x3D, 0x86, 0x3B, 0x68, 0x74, 0x74, 0x70, 0x3A, 0x2F, 0x2F,
    0x63, 0x73, 0x63, 0x61, 0x2D, 0x69, 0x74, 0x61, 0x2E, 0x69, 0x6E, 0x74, 0x65, 0x72, 0x6E, 0x6F,
    0x2E, 0x67, 0x6F, 0x76, 0x2E, 0x69, 0x74, 0x2F, 0x63, 0x65, 0x72, 0x74, 0x69, 0x66, 0x69, 0x63,
    0x61, 0x74, 0x69, 0x43, 0x53, 0x43, 0x41, 0x2F, 0x43, 0x52, 0x4C, 0x5F, 0x43, 0x53, 0x43, 0x41,
    0x2E, 0x63, 0x72, 0x6C, 0x30, 0x0E, 0x06, 0x03, 0x55, 0x1D, 0x0F, 0x01, 0x01, 0xFF, 0x04, 0x04,
    0x03, 0x02, 0x01, 0x06, 0x30, 0x3E, 0x06, 0x03, 0x55, 0x1D, 0x11, 0x04, 0x37, 0x30, 0x35, 0x81,
    0x13, 0x73, 0x70, 0x6F, 0x63, 0x2D, 0x69, 0x74, 0x61, 0x40, 0x69, 0x6E, 0x74, 0x65, 0x72, 0x6E,
    0x6F, 0x2E, 0x69, 0x74, 0x86, 0x1E, 0x68, 0x74, 0x74, 0x70, 0x3A, 0x2F, 0x2F, 0x63, 0x73, 0x63,
    0x61, 0x2D, 0x69, 0x74, 0x61, 0x2E, 0x69, 0x6E, 0x74, 0x65, 0x72, 0x6E, 0x6F, 0x2E, 0x67, 0x6F,
    0x76, 0x2E, 0x69, 0x74, 0x30, 0x0D, 0x06, 0x09, 0x2A, 0x86, 0x48, 0x86, 0xF7, 0x0D, 0x01, 0x01,
    0x05, 0x05, 0x00, 0x03, 0x82, 0x02, 0x01, 0x00, 0x7C, 0x94, 0x71, 0x8A, 0xB0, 0xBB, 0xC7, 0xD4,
    0xF6, 0xA9, 0x99, 0xDD, 0xB8, 0x23, 0x20, 0xC1, 0x2D, 0x26, 0x52, 0xEB, 0x42, 0xAC, 0x1A, 0x7B,
    0x1E, 0x58, 0x47, 0xCD, 0x1A, 0xB6, 0x13, 0xE8, 0x3F, 0x9B, 0x60, 0x1C, 0x90, 0x41, 0x13, 0x5F,
    0x7F, 0xA6, 0xE7, 0x88, 0xF8, 0x28, 0x70, 0x52, 0x81, 0x04, 0x40, 0x89, 0xE1, 0x9F, 0x0C, 0x01,
    0x43, 0xD4, 0xDE, 0x1A, 0x1B, 0xCB, 0xA4, 0xCA, 0xF1, 0x60, 0x79, 0x97, 0x41, 0x64, 0x6A, 0x6D,
    0x4A, 0xBD, 0xD1, 0x69, 0x44, 0xA0, 0x94, 0xD0, 0x90, 0xDC, 0xE8, 0x54, 0x20, 0x72, 0x74, 0xDC,
    0xE3, 0x07, 0x10, 0xCD, 0xC3, 0x8F, 0x46, 0xFF, 0x94, 0x3E, 0x4F, 0xD8, 0x69, 0x46, 0xE1, 0xF5,
    0x1D, 0x9A, 0x0E, 0xC4, 0x93, 0x8F, 0xC9, 0xBC, 0x3B, 0xED, 0xC6, 0xB8, 0xFA, 0x74, 0x7E, 0xC5,
    0xFC, 0xF7, 0xBF, 0x4F, 0x3B, 0xDD, 0xB4, 0x41, 0x59, 0x41, 0xFC, 0xAE, 0x16, 0x40, 0xDA, 0x33,
    0x0E, 0xBB, 0x75, 0x1C, 0x2A, 0x5D, 0xDB, 0x2B, 0x53, 0x75, 0xC0, 0xFB, 0xC8, 0xDF, 0x47, 0xC1,
    0x90, 0xDC, 0xEF, 0x4E, 0x19, 0x1F, 0xB3, 0xCA, 0xCB, 0xAB, 0x27, 0x9F, 0x34, 0x0F, 0xAB, 0x59,
    0x11, 0x88, 0xCC, 0x7E, 0xD1, 0x3E, 0x92, 0x64, 0xC9, 0x2D, 0xFD, 0x4C, 0x9D, 0x82, 0xFE, 0xB2,
    0x46, 0xCF, 0x69, 0x79, 0xFF, 0x3B, 0x0B, 0xC8, 0x0A, 0xE6, 0x9D, 0xCF, 0x9F, 0xBC, 0xFD, 0xCB,
    0x95, 0x9C, 0xA8, 0x66, 0x63, 0xE4, 0x73, 0xDA, 0x93, 0xDE, 0xE6, 0x0D, 0xF5, 0x25, 0x52, 0xA0,
    0x15, 0x86, 0x59, 0xBD, 0x32, 0x38, 0x9B, 0xF1, 0xAC, 0x6B, 0x6A, 0xB0, 0x6F, 0x7A, 0x21, 0xA4,
    0xEB, 0x8A, 0x21, 0xBC, 0xE2, 0xEF, 0x36, 0xD2, 0x03, 0xBA, 0x4F, 0xE4, 0x9C, 0xEB, 0x70, 0x6B,
    0xB0, 0x69, 0xBB, 0x4A, 0x49, 0x35, 0x57, 0x3F, 0x4F, 0x21, 0x00, 0x82, 0x27, 0x15, 0x36, 0xD8,
    0xBA, 0xFB, 0xBC, 0x6E, 0xEA, 0xF9, 0x8B, 0x02, 0xBB, 0x92, 0x44, 0xDB, 0x33, 0x4E, 0x35, 0xF4,
    0xA9, 0x4E, 0xAC, 0xAE, 0xF4, 0xBC, 0x29, 0xF8, 0x66, 0xD4, 0x48, 0x4F, 0x92, 0xBB, 0xEF, 0x68,
    0x3C, 0x14, 0x4D, 0x4B, 0x09, 0xE6, 0xD7, 0x92, 0x1E, 0xCE, 0x8A, 0x78, 0xA9, 0x28, 0xC2, 0x28,
    0x95, 0x44, 0x23, 0xAB, 0xC2, 0x19, 0x9C, 0x94, 0x8A, 0x69, 0x6B, 0x9F, 0xF4, 0x70, 0x67, 0xEA,
    0x71, 0xF3, 0x72, 0x86, 0x0F, 0xDB, 0xA2, 0x53, 0x96, 0xE9, 0xFE, 0xEA, 0x8D, 0x07, 0xCB, 0x25,
    0x20, 0xBD, 0x01, 0xCC, 0xA2, 0x7E, 0x9F, 0x78, 0x0D, 0xE2, 0x45, 0xD4, 0xD8, 0xEC, 0x6F, 0xB9,
    0x1B, 0x54, 0xE3, 0x74, 0x51, 0x47, 0x51, 0x34, 0x3A, 0x02, 0x25, 0x80, 0x38, 0xA4, 0xC0, 0x37,
    0xF8, 0x26, 0xDF, 0x25, 0xE0, 0x1C, 0xBC, 0x48, 0x6F, 0x2F, 0x59, 0x0A, 0x69, 0x21, 0x31, 0x4D,
    0xFB, 0x23, 0xCD, 0xB0, 0x9A, 0x00, 0x90, 0x5E, 0x1B, 0x52, 0x17, 0x33, 0x09, 0xCC, 0xB4, 0xFE,
    0xA3, 0xE9, 0xF6, 0x5E, 0x92, 0x1C, 0x86, 0xF1, 0xF8, 0x15, 0x98, 0x9E, 0x97, 0xF8, 0x82, 0x4B,
    0xD0, 0x97, 0x78, 0x11, 0x04, 0xD9, 0x5E, 0xAA, 0x6A, 0x2E, 0x20, 0xE5, 0xF4, 0xC7, 0x0A, 0x9D,
    0x96, 0x57, 0xFB, 0xE2, 0x48, 0xFD, 0x1C, 0x47, 0x05, 0x80, 0x1F, 0x17, 0xA4, 0xF9, 0x9E, 0xA3,
    0xF5, 0x87, 0xC7, 0x10, 0xF3, 0xF8, 0x87, 0xDF, 0xCA, 0x79, 0x85, 0xBA, 0x15, 0x92, 0x7B, 0x49,
    0x13, 0x45, 0x86, 0xA3, 0xD6, 0x34, 0x7B, 0x80, 0x4C, 0x67, 0xFF, 0x82, 0x33, 0x7C, 0x39, 0xC4,
    0xF1, 0xC6, 0x91, 0x2F, 0xCE, 0x8A, 0x78, 0xBD, 0x06, 0x58, 0x99, 0x8E, 0xAB, 0x0C, 0x51, 0xFD,
    0xC6, 0xC6, 0xF7, 0x22, 0x1D, 0x57, 0xBD, 0xDD
};

const unsigned char EmbeddedProdCSCA_3 [] = {
    0x30, 0x82, 0x05, 0x9B, 0x30, 0x82, 0x03, 0x83, 0xA0, 0x03, 0x02, 0x01, 0x02, 0x02, 0x01, 0x01,
    0x30, 0x0D, 0x06, 0x09, 0x2A, 0x86, 0x48, 0x86, 0xF7, 0x0D, 0x01, 0x01, 0x05, 0x05, 0x00, 0x30,
    0x5D, 0x31, 0x0B, 0x30, 0x09, 0x06, 0x03, 0x55, 0x04, 0x06, 0x13, 0x02, 0x49, 0x54, 0x31, 0x1F,
    0x30, 0x1D, 0x06, 0x03, 0x55, 0x04, 0x0A, 0x13, 0x16, 0x4D, 0x49, 0x4E, 0x49, 0x53, 0x54, 0x45,
    0x52, 0x4F, 0x20, 0x44, 0x45, 0x4C, 0x4C, 0x27, 0x49, 0x4E, 0x54, 0x45, 0x52, 0x4E, 0x4F, 0x31,
    0x0B, 0x30, 0x09, 0x06, 0x03, 0x55, 0x04, 0x0B, 0x13, 0x02, 0x50, 0x45, 0x31, 0x20, 0x30, 0x1E,
    0x06, 0x03, 0x55, 0x04, 0x03, 0x13, 0x17, 0x43, 0x45, 0x52, 0x54, 0x49, 0x46, 0x49, 0x43, 0x41,
    0x54, 0x49, 0x4F, 0x4E, 0x20, 0x41, 0x55, 0x54, 0x48, 0x4F, 0x52, 0x49, 0x54, 0x59, 0x30, 0x1E,
    0x17, 0x0D, 0x30, 0x36, 0x31, 0x30, 0x32, 0x33, 0x31, 0x34, 0x30, 0x33, 0x34, 0x34, 0x5A, 0x17,
    0x0D, 0x32, 0x32, 0x30, 0x31, 0x31, 0x37, 0x31, 0x34, 0x30, 0x33, 0x34, 0x34, 0x5A, 0x30, 0x5D,
    0x31, 0x0B, 0x30, 0x09, 0x06, 0x03, 0x55, 0x04, 0x06, 0x13, 0x02, 0x49, 0x54, 0x31, 0x1F, 0x30,
    0x1D, 0x06, 0x03, 0x55, 0x04, 0x0A, 0x13, 0x16, 0x4D, 0x49, 0x4E, 0x49, 0x53, 0x54, 0x45, 0x52,
    0x4F, 0x20, 0x44, 0x45, 0x4C, 0x4C, 0x27, 0x49, 0x4E, 0x54, 0x45, 0x52, 0x4E, 0x4F, 0x31, 0x0B,
    0x30, 0x09, 0x06, 0x03, 0x55, 0x04, 0x0B, 0x13, 0x02, 0x50, 0x45, 0x31, 0x20, 0x30, 0x1E, 0x06,
    0x03, 0x55, 0x04, 0x03, 0x13, 0x17, 0x43, 0x45, 0x52, 0x54, 0x49, 0x46, 0x49, 0x43, 0x41, 0x54,
    0x49, 0x4F, 0x4E, 0x20, 0x41, 0x55, 0x54, 0x48, 0x4F, 0x52, 0x49, 0x54, 0x59, 0x30, 0x82, 0x02,
    0x22, 0x30, 0x0D, 0x06, 0x09, 0x2A, 0x86, 0x48, 0x86, 0xF7, 0x0D, 0x01, 0x01, 0x01, 0x05, 0x00,
    0x03, 0x82, 0x02, 0x0F, 0x00, 0x30, 0x82, 0x02, 0x0A, 0x02, 0x82, 0x02, 0x01, 0x00, 0xB6, 0xA6,
    0x85, 0x82, 0x19, 0x3E, 0xCA, 0xE1, 0xE0, 0xF6, 0x0F, 0x95, 0x77, 0x9C, 0x21, 0xCA, 0xA9, 0x7E,
    0x29, 0x9A, 0x5A, 0x6A, 0xEF, 0x12, 0x81, 0xAD, 0xB0, 0x4B, 0x16, 0xE3, 0x22, 0xB9, 0x78, 0x1E,
    0x1B, 0x28, 0x17, 0xD8, 0xF5, 0x87, 0x3A, 0xE0, 0x86, 0x52, 0xAB, 0xB2, 0x26, 0x37, 0x57, 0xFB,
    0x04, 0xBA, 0x9F, 0x95, 0xF5, 0x4D, 0xB0, 0x3F, 0x3D, 0x2D, 0x2A, 0xCD, 0xAD, 0x11, 0x0A, 0xD7,
    0x70, 0x3B, 0x83, 0x8A, 0xBA, 0xBE, 0xB2, 0xBA, 0x4C, 0x34, 0x86, 0x5D, 0x9F, 0xD7, 0x97, 0xBE,
    0x98, 0x5C, 0x54, 0x47, 0xC3, 0xCF, 0xAC, 0xA4, 0xBC, 0xD0, 0x98, 0xC0, 0xF5, 0xD9, 0xF1, 0x61,
    0x66, 0xBC, 0xE1, 0x4B, 0x3C, 0x02, 0x1B, 0x67, 0x25, 0xF1, 0xDA, 0xC0, 0xD6, 0xB8, 0xB4, 0xE0,
    0xE6, 0xA8, 0x67, 0xCE, 0xAF, 0xD0, 0x51, 0x36, 0x3C, 0x93, 0xA9, 0x9B, 0xD9, 0x37, 0xBE, 0xF4,
    0xFD, 0x79, 0x94, 0x35, 0x62, 0x11, 0x83, 0x8D, 0x72, 0x7D, 0xC3, 0xA8, 0x03, 0x0B, 0x8A, 0x25,
    0xB6, 0x5C, 0xCD, 0xB5, 0x1C, 0xA5, 0xAE, 0xD8, 0xAF, 0x96, 0x80, 0x04, 0x60, 0xB1, 0x0A, 0x88,
    0xAE, 0xAE, 0x76, 0x7F, 0x47, 0x31, 0x77, 0x83, 0xD3, 0x5C, 0xD2, 0x55, 0x5D, 0x8B, 0xCD, 0x8E,
    0x53, 0xCD, 0x14, 0x5F, 0x03, 0x14, 0x02, 0x8F, 0x88, 0xCE, 0xD0, 0xA0, 0x17, 0xB6, 0x0A, 0x6A,
    0x40, 0x01, 0xE2, 0x14, 0xE4, 0xB4, 0x40, 0x77, 0xE3, 0x1C, 0x31, 0xC3, 0x13, 0x1B, 0x80, 0x13,
    0x2C, 0x0A, 0xBE, 0xD5, 0x0C, 0xE0, 0xB4, 0x6F, 0x33, 0x3E, 0x8A, 0x9C, 0xF3, 0x28, 0x2C, 0xB6,
    0x87, 0xCA, 0x9C, 0x6D, 0x13, 0x03, 0xA6, 0x8C, 0x5A, 0x00, 0x32, 0x7D, 0x0C, 0xC4, 0x98, 0x8D,
    0x39, 0xDF, 0x18, 0x40, 0x14, 0x44, 0x18, 0x3D, 0xB6, 0x03, 0xCC, 0x78, 0x67, 0x46, 0x05, 0xC1,
    0xF2, 0xBE, 0x99, 0xEC, 0x8F, 0x73, 0x44, 0xC5, 0x3A, 0x99, 0xBB, 0x94, 0x9E, 0x68, 0x87, 0x36,
    0xD6, 0xD2, 0xF2, 0xAA, 0xE4, 0xBC, 0xFC, 0x0A, 0xFA, 0x55, 0x66, 0x36, 0xF0, 0x36, 0x43, 0x1D,
    0xB9, 0x76, 0x64, 0xCC, 0x18, 0xF0, 0xA3, 0x6B, 0x8C, 0xC8, 0x93, 0x4E, 0xB6, 0x99, 0x68, 0xDB,
    0xB4, 0x27, 0x45, 0xB4, 0x6A, 0xAE, 0x99, 0xF0, 0x74, 0x68, 0xF1, 0x5A, 0x60, 0x64, 0x1A, 0x37,
    0x26, 0x38, 0x84, 0x37, 0xAC, 0x5C, 0xF5, 0xC7, 0x84, 0xB6, 0x07, 0x95, 0xD9, 0x47, 0x32, 0xF1,
    0x5B, 0x9B, 0x9D, 0x85, 0xCA, 0x00, 0xBB, 0xA5, 0x6C, 0xCE, 0x24, 0xE4, 0xF1, 0x07, 0x64, 0x89,
    0x47, 0x64, 0xEC, 0x11, 0xE2, 0xAF, 0x08, 0x4A, 0x34, 0xA3, 0x30, 0x68, 0xA2, 0xE0, 0x62, 0x5D,
    0xBA, 0x46, 0x6C, 0xD8, 0xBE, 0xED, 0x8E, 0xF9, 0xF5, 0xC3, 0x3D, 0x6D, 0x65, 0x4A, 0x8F, 0x2B,
    0xC3, 0xC7, 0x01, 0x70, 0xFB, 0xCE, 0xD2, 0x6F, 0xA3, 0x51, 0x01, 0xBB, 0xC4, 0x41, 0x72, 0x32,
    0xFD, 0x51, 0xFB, 0xEA, 0xF6, 0xD7, 0x78, 0xA4, 0x0E, 0x63, 0x81, 0x69, 0x23, 0x54, 0x23, 0x9C,
    0x78, 0x67, 0xCF, 0xD4, 0x85, 0x5A, 0x82, 0x7F, 0x7A, 0xD5, 0x02, 0xDD, 0x62, 0x91, 0x76, 0xC8,
    0x1A, 0xE3, 0x7A, 0xCB, 0x74, 0xF2, 0xCD, 0x66, 0x43, 0x29, 0x85, 0xC0, 0x73, 0xAC, 0x49, 0xBC,
    0x60, 0xC0, 0xA8, 0x53, 0xF1, 0x76, 0x7D, 0xCF, 0xBD, 0xC8, 0xCF, 0x41, 0xC3, 0x0B, 0x63, 0xDC,
    0x42, 0xA8, 0xF1, 0x8B, 0x89, 0xD8, 0x4D, 0xF6, 0xBF, 0x6F, 0x17, 0x67, 0x1C, 0x56, 0x7C, 0x8B,
    0x05, 0x25, 0xF8, 0x46, 0x43, 0x0F, 0x3F, 0xDC, 0x96, 0x0C, 0xE4, 0xE5, 0x9F, 0x59, 0xED, 0x61,
    0xD7, 0x03, 0xAC, 0xC1, 0x65, 0x92, 0xEF, 0x11, 0x55, 0xDD, 0x83, 0x2E, 0xF7, 0xF7, 0x02, 0x03,
    0x01, 0x00, 0x01, 0xA3, 0x66, 0x30, 0x64, 0x30, 0x12, 0x06, 0x03, 0x55, 0x1D, 0x13, 0x01, 0x01,
    0xFF, 0x04, 0x08, 0x30, 0x06, 0x01, 0x01, 0xFF, 0x02, 0x01, 0x00, 0x30, 0x1D, 0x06, 0x03, 0x55,
    0x1D, 0x0E, 0x04, 0x16, 0x04, 0x14, 0xA0, 0xF5, 0x65, 0x52, 0x18, 0x0C, 0xCB, 0xCC, 0x0F, 0xFD,
    0x7D, 0x0D, 0xF3, 0x9F, 0x86, 0x04, 0xC7, 0xC9, 0x8F, 0x62, 0x30, 0x1F, 0x06, 0x03, 0x55, 0x1D,
    0x23, 0x04, 0x18, 0x30, 0x16, 0x80, 0x14, 0xA0, 0xF5, 0x65, 0x52, 0x18, 0x0C, 0xCB, 0xCC, 0x0F,
    0xFD, 0x7D, 0x0D, 0xF3, 0x9F, 0x86, 0x04, 0xC7, 0xC9, 0x8F, 0x62, 0x30, 0x0E, 0x06, 0x03, 0x55,
    0x1D, 0x0F, 0x01, 0x01, 0xFF, 0x04, 0x04, 0x03, 0x02, 0x01, 0x06, 0x30, 0x0D, 0x06, 0x09, 0x2A,
    0x86, 0x48, 0x86, 0xF7, 0x0D, 0x01, 0x01, 0x05, 0x05, 0x00, 0x03, 0x82, 0x02, 0x01, 0x00, 0x41,
    0x22, 0x8C, 0xA6, 0x26, 0x84, 0xBA, 0xC9, 0xCE, 0x8B, 0x85, 0xBF, 0x0E, 0xDD, 0x1D, 0x37, 0xBE,
    0xBD, 0x9A, 0xD6, 0xBD, 0x96, 0x31, 0xA9, 0x6E, 0x34, 0x0D, 0x19, 0x2B, 0xF9, 0xEB, 0x80, 0xE0,
    0x80, 0x66, 0x33, 0x7E, 0xE2, 0x8C, 0x74, 0x48, 0x91, 0xC8, 0x0D, 0xD0, 0x7D, 0x66, 0x41, 0x0A,
    0x0D, 0x0D, 0xE1, 0x58, 0x44, 0x6F, 0x04, 0x48, 0x21, 0x6D, 0x3D, 0xD6, 0xCD, 0x51, 0xC9, 0x4F,
    0x1E, 0xFD, 0xC0, 0x00, 0xC0, 0x9B, 0xE2, 0x81, 0x8F, 0x1E, 0xDA, 0x83, 0xB0, 0x9D, 0x3C, 0xE0,
    0x83, 0x2C, 0xF6, 0x84, 0x1F, 0xED, 0x02, 0xA4, 0x2F, 0x4F, 0xF8, 0x70, 0x2A, 0xCE, 0x03, 0x03,
    0xD0, 0x45, 0xEA, 0xEE, 0xBE, 0xED, 0xCB, 0x7A, 0x5F, 0x57, 0x5F, 0x3C, 0x5A, 0x46, 0xD7, 0x19,
    0x55, 0x85, 0x92, 0x53, 0xA1, 0x17, 0xF1, 0x5B, 0xD0, 0x5B, 0x4E, 0x1E, 0x6B, 0x19, 0x37, 0x44,
    0xB9, 0x22, 0x6D, 0xF6, 0x80, 0xE7, 0xE9, 0xA6, 0x42, 0x9B, 0x16, 0x14, 0x1B, 0x96, 0xB0, 0xEB,
    0x2C, 0x2A, 0x3E, 0x61, 0x6E, 0xF4, 0xA2, 0x2D, 0x43, 0x6C, 0xA5, 0x9A, 0x81, 0xB2, 0x10, 0x21,
    0x04, 0xAE, 0x72, 0x72, 0x38, 0x8D, 0x23, 0x54, 0x57, 0xC8, 0x8C, 0x8C, 0x33, 0x3B, 0x3D, 0x29,
    0x18, 0xB4, 0xAD, 0x7E, 0xDE, 0x66, 0xD8, 0x00, 0x7E, 0x89, 0x7E, 0xC7, 0x09, 0x99, 0x5A, 0x9F,
    0xB6, 0xD5, 0xAF, 0xAE, 0x08, 0x8E, 0xEB, 0x0B, 0x86, 0x7E, 0xE8, 0xCB, 0x0C, 0x34, 0x57, 0x48,
    0x24, 0x34, 0x0D, 0x19, 0x0E, 0xED, 0x96, 0xA9, 0x58, 0x6D, 0x0D, 0x95, 0x8A, 0xC5, 0x6D, 0x42,
    0x92, 0x91, 0x45, 0xA1, 0x8D, 0xDB, 0xD5, 0xE4, 0x06, 0x96, 0x20, 0xF9, 0xBE, 0x7D, 0xF9, 0x91,
    0x61, 0x2A, 0x63, 0x0E, 0xFE, 0x6E, 0x94, 0x39, 0xAD, 0x07, 0xBF, 0x6A, 0xE3, 0x24, 0xB5, 0x02,
    0xBA, 0xE7, 0xFC, 0xA4, 0xCD, 0x86, 0xB8, 0x42, 0xC8, 0x32, 0x53, 0xB8, 0x0A, 0x83, 0x37, 0x80,
    0xA7, 0xE5, 0xE5, 0x3F, 0x2E, 0x75, 0xCC, 0x7F, 0x4B, 0x01, 0x0C, 0x2E, 0xDE, 0xEC, 0x8B, 0x8C,
    0x05, 0x7A, 0xB2, 0xFE, 0x61, 0xB6, 0xEE, 0xD1, 0x07, 0xDF, 0xAA, 0x37, 0x9F, 0x6B, 0x35, 0xF5,
    0x83, 0xF8, 0xD4, 0xD4, 0x2A, 0x61, 0xF7, 0x5E, 0xD7, 0x7F, 0x01, 0x43, 0xDF, 0xC5, 0x87, 0x8D,
    0x05, 0x14, 0x8A, 0x8D, 0x92, 0xCF, 0xB6, 0xA6, 0x3F, 0x89, 0x4D, 0xE8, 0x17, 0x48, 0xA7, 0xDD,
    0x4A, 0x1B, 0x09, 0x16, 0x5B, 0xAE, 0xE1, 0xA2, 0x49, 0x03, 0x4E, 0xB3, 0x29, 0x05, 0xC2, 0xB2,
    0x95, 0x68, 0x01, 0xCA, 0xAD, 0x12, 0x99, 0x9D, 0x63, 0x61, 0x1E, 0x75, 0x23, 0x01, 0x5E, 0x9C,
    0xBB, 0x5A, 0x76, 0x0B, 0x7A, 0x40, 0x2F, 0x2A, 0xE6, 0x1C, 0xEA, 0xD0, 0x3B, 0x44, 0x95, 0x53,
    0xB3, 0x1E, 0x97, 0x97, 0x3B, 0x27, 0x56, 0x8C, 0x25, 0x2C, 0x16, 0x34, 0x98, 0xD5, 0x06, 0x80,
    0x6B, 0xE9, 0xEC, 0xAD, 0x1A, 0x4C, 0xF4, 0xF6, 0xA5, 0x68, 0xF7, 0xA2, 0xFF, 0xB3, 0xAC, 0x73,
    0x53, 0x4E, 0x90, 0x9D, 0xDE, 0x89, 0x12, 0x0C, 0x0B, 0x4E, 0xC6, 0xFF, 0xB3, 0xEF, 0x05, 0xDA,
    0x07, 0x36, 0x50, 0xD4, 0xEA, 0x7C, 0xCD, 0x86, 0x31, 0x98, 0xB5, 0x36, 0x4B, 0x14, 0xD6, 0xDF,
    0xC2, 0xB7, 0x4D, 0x84, 0x77, 0xBD, 0x61, 0xFC, 0x0C, 0xF8, 0xCD, 0xD3, 0xA3, 0xE5, 0x17, 0xF8,
    0xE8, 0x25, 0xD9, 0xBC, 0x5D, 0xA6, 0xC4, 0x84, 0xF4, 0xF7, 0xFA, 0x15, 0xD2, 0xEC, 0xF7, 0x37,
    0xF7, 0x12, 0x2E, 0xBF, 0x0C, 0xAE, 0x74, 0x78, 0xDD, 0xE5, 0x15, 0xAA, 0xF2, 0x71, 0x09, 0x4A,
    0x52, 0x7B, 0xF1, 0x3E, 0xEA, 0xDA, 0x9F, 0xBE, 0xAE, 0x18, 0x6A, 0xE9, 0x13, 0xBF, 0x64
};

const unsigned char EmbeddedProdCSCA_4 [] = {
    0x30, 0x82, 0x05, 0xA1, 0x30, 0x82, 0x03, 0x89, 0xA0, 0x03, 0x02, 0x01, 0x02, 0x02, 0x01, 0x01,
    0x30, 0x0D, 0x06, 0x09, 0x2A, 0x86, 0x48, 0x86, 0xF7, 0x0D, 0x01, 0x01, 0x05, 0x05, 0x00, 0x30,
    0x60, 0x31, 0x0B, 0x30, 0x09, 0x06, 0x03, 0x55, 0x04, 0x06, 0x13, 0x02, 0x49, 0x54, 0x31, 0x1F,
    0x30, 0x1D, 0x06, 0x03, 0x55, 0x04, 0x0A, 0x13, 0x16, 0x4D, 0x49, 0x4E, 0x49, 0x53, 0x54, 0x45,
    0x52, 0x4F, 0x20, 0x44, 0x45, 0x4C, 0x4C, 0x27, 0x49, 0x4E, 0x54, 0x45, 0x52, 0x4E, 0x4F, 0x31,
    0x0B, 0x30, 0x09, 0x06, 0x03, 0x55, 0x04, 0x0B, 0x13, 0x02, 0x50, 0x45, 0x31, 0x23, 0x30, 0x21,
    0x06, 0x03, 0x55, 0x04, 0x03, 0x13, 0x1A, 0x43, 0x45, 0x52, 0x54, 0x49, 0x46, 0x49, 0x43, 0x41,
    0x54, 0x49, 0x4F, 0x4E, 0x20, 0x41, 0x55, 0x54, 0x48, 0x4F, 0x52, 0x49, 0x54, 0x59, 0x20, 0x30,
    0x31, 0x30, 0x1E, 0x17, 0x0D, 0x31, 0x31, 0x31, 0x32, 0x31, 0x34, 0x31, 0x30, 0x32, 0x39, 0x30,
    0x34, 0x5A, 0x17, 0x0D, 0x32, 0x37, 0x30, 0x33, 0x31, 0x30, 0x31, 0x30, 0x32, 0x39, 0x30, 0x34,
    0x5A, 0x30, 0x60, 0x31, 0x0B, 0x30, 0x09, 0x06, 0x03, 0x55, 0x04, 0x06, 0x13, 0x02, 0x49, 0x54,
    0x31, 0x1F, 0x30, 0x1D, 0x06, 0x03, 0x55, 0x04, 0x0A, 0x13, 0x16, 0x4D, 0x49, 0x4E, 0x49, 0x53,
    0x54, 0x45, 0x52, 0x4F, 0x20, 0x44, 0x45, 0x4C, 0x4C, 0x27, 0x49, 0x4E, 0x54, 0x45, 0x52, 0x4E,
    0x4F, 0x31, 0x0B, 0x30, 0x09, 0x06, 0x03, 0x55, 0x04, 0x0B, 0x13, 0x02, 0x50, 0x45, 0x31, 0x23,
    0x30, 0x21, 0x06, 0x03, 0x55, 0x04, 0x03, 0x13, 0x1A, 0x43, 0x45, 0x52, 0x54, 0x49, 0x46, 0x49,
    0x43, 0x41, 0x54, 0x49, 0x4F, 0x4E, 0x20, 0x41, 0x55, 0x54, 0x48, 0x4F, 0x52, 0x49, 0x54, 0x59,
    0x20, 0x30, 0x31, 0x30, 0x82, 0x02, 0x22, 0x30, 0x0D, 0x06, 0x09, 0x2A, 0x86, 0x48, 0x86, 0xF7,
    0x0D, 0x01, 0x01, 0x01, 0x05, 0x00, 0x03, 0x82, 0x02, 0x0F, 0x00, 0x30, 0x82, 0x02, 0x0A, 0x02,
    0x82, 0x02, 0x01, 0x00, 0xC6, 0x5E, 0xC3, 0xC9, 0x46, 0x53, 0x20, 0xDC, 0x79, 0x50, 0x71, 0xE6,
    0x53, 0x50, 0xF3, 0xA7, 0x60, 0xC2, 0x74, 0x27, 0x32, 0x90, 0xB6, 0xBE, 0xBF, 0x00, 0x1F, 0xE0,
    0x7B, 0x65, 0x34, 0xFB, 0x4C, 0x1E, 0xC3, 0xC5, 0x31, 0x45, 0xD7, 0xED, 0x19, 0xFF, 0xC1, 0x4A,
    0x47, 0xB7, 0x1F, 0x07, 0xCF, 0x7F, 0xEC, 0xF1, 0xC7, 0x3D, 0xED, 0x6D, 0x01, 0x3A, 0x31, 0x37,
    0xDD, 0x7A, 0x49, 0x07, 0x2A, 0xDD, 0x18, 0x70, 0xB6, 0x6D, 0x0B, 0x58, 0x9D, 0x8F, 0xAD, 0xA3,
    0x59, 0x99, 0xC3, 0xAA, 0x88, 0x51, 0x19, 0xEE, 0x00, 0x84, 0xE7, 0x39, 0x61, 0xE6, 0xA8, 0x4F,
    0xD9, 0xEF, 0x2F, 0xF5, 0x69, 0x91, 0xFE, 0x49, 0xFC, 0xA2, 0x91, 0x28, 0x70, 0x09, 0x19, 0x92,
    0x56, 0x65, 0x35, 0x6A, 0x2D, 0x57, 0x9E, 0x10, 0xC7, 0x68, 0xB1, 0xDC, 0x12, 0x0E, 0x3A, 0x5E,
    0xBD, 0xFF, 0x9E, 0xEB, 0xA4, 0x5A, 0x7C, 0x90, 0xDC, 0xB0, 0x86, 0x1F, 0x18, 0x4D, 0xF0, 0x40,
    0xBA, 0x29, 0x99, 0xB4, 0xC3, 0x16, 0xBD, 0xE6, 0x9B, 0xD3, 0x65, 0xEA, 0xD2, 0x92, 0xAC, 0x99,
    0xEC, 0x37, 0xA0, 0x5E, 0xA0, 0xC4, 0xD4, 0xB3, 0x91, 0x2B, 0xA2, 0xC2, 0x4E, 0x8C, 0x03, 0x85,
    0xAF, 0x1D, 0x8E, 0x22, 0xA2, 0x7C, 0x49, 0x1C, 0xEE, 0x43, 0x46, 0x30, 0xB3, 0x32, 0x6F, 0xF2,
    0xEF, 0x1A, 0xCF, 0xF7, 0x0A, 0x76, 0x82, 0xF9, 0x1E, 0x99, 0x9E, 0xAB, 0x67, 0x49, 0x57, 0xAE,
    0xEE, 0xBB, 0xD7, 0xD9, 0x7A, 0xAE, 0xF5, 0x93, 0x1E, 0xED, 0x92, 0x22, 0x47, 0x50, 0x0B, 0x4C,
    0x21, 0xDD, 0xB8, 0xFC, 0x79, 0xA3, 0x43, 0x90, 0x14, 0x9E, 0x66, 0x29, 0x45, 0xB3, 0x46, 0x82,
    0x13, 0xBC, 0x4F, 0x4F, 0x56, 0x19, 0xC0, 0x44, 0xD2, 0x5F, 0x05, 0xFF, 0x9F, 0xFA, 0x23, 0xC4,
    0x1D, 0x4B, 0x51, 0xB9, 0xF6, 0x47, 0xEB, 0x5C, 0xAA, 0x97, 0x5D, 0x63, 0xE7, 0x99, 0xF6, 0x81,
    0xBF, 0xC5, 0x16, 0xF5, 0x39, 0x59, 0x9A, 0xA2, 0xBD, 0x1F, 0xB3, 0x05, 0xB2, 0x07, 0x62, 0x4C,
    0x14, 0xC1, 0x5D, 0x6E, 0x42, 0x98, 0xF5, 0xC7, 0x21, 0x0A, 0x7D, 0xC5, 0x50, 0x8A, 0x27, 0x43,
    0xF4, 0xB7, 0x22, 0x65, 0xAC, 0x49, 0xCC, 0x56, 0x9E, 0xCB, 0x87, 0x75, 0xE2, 0x54, 0x5E, 0x8E,
    0xBC, 0x16, 0x82, 0xA3, 0xBF, 0xD6, 0x0C, 0xBC, 0xAE, 0xA1, 0x40, 0xF9, 0x94, 0x96, 0xDF, 0xCD,
    0xB6, 0x97, 0x86, 0xEE, 0x5F, 0x75, 0xF0, 0x5D, 0x76, 0xDF, 0xA3, 0x90, 0x72, 0x56, 0xFF, 0x93,
    0x9E, 0xDC, 0x5E, 0x2E, 0xCD, 0xD3, 0xE4, 0x94, 0x1A, 0x9D, 0xB0, 0x4D, 0xDC, 0x72, 0x34, 0xE3,
    0xE4, 0x0E, 0x51, 0xE1, 0x62, 0xA4, 0xB0, 0xF7, 0x41, 0xC0, 0x7C, 0xA6, 0x13, 0x6E, 0x11, 0x09,
    0xA8, 0xE4, 0x5E, 0xCB, 0xFC, 0x3C, 0x0F, 0x59, 0xC2, 0x3A, 0xB8, 0x30, 0x02, 0x9F, 0xB1, 0x5A,
    0xB5, 0xA6, 0x02, 0x00, 0xEE, 0x65, 0x46, 0xFF, 0x37, 0x92, 0x33, 0x5C, 0x07, 0x27, 0x77, 0xF8,
    0xFE, 0x2D, 0xDC, 0x02, 0xC7, 0x41, 0x6F, 0x7C, 0x2C, 0x00, 0xB7, 0x32, 0xE2, 0x34, 0x41, 0xB5,
    0x39, 0x94, 0x2D, 0xAD, 0x32, 0xE7, 0x75, 0xED, 0xFD, 0x8E, 0x66, 0xD5, 0x82, 0xEB, 0xF7, 0xE1,
    0x6B, 0x33, 0x77, 0xE5, 0x3C, 0x48, 0xDF, 0x1D, 0x5D, 0x09, 0x39, 0x3C, 0x3C, 0x62, 0xBE, 0xCA,
    0x0C, 0xA5, 0x4F, 0x61, 0x94, 0x35, 0xD2, 0xE9, 0x42, 0xBE, 0xDA, 0xF9, 0x87, 0x54, 0xDE, 0xA6,
    0x6F, 0x4E, 0x8E, 0xA6, 0xBB, 0x0C, 0xB8, 0x79, 0x31, 0xCB, 0xFB, 0x15, 0x3B, 0x06, 0x9C, 0xFE,
    0x6F, 0x0A, 0x2A, 0x96, 0x5D, 0xF9, 0x2D, 0xB3, 0x05, 0xC5, 0x34, 0xE4, 0x7C, 0x6C, 0xB2, 0x2C,
    0x1F, 0xF1, 0xD9, 0x61, 0x02, 0x03, 0x01, 0x00, 0x01, 0xA3, 0x66, 0x30, 0x64, 0x30, 0x12, 0x06,
    0x03, 0x55, 0x1D, 0x13, 0x01, 0x01, 0xFF, 0x04, 0x08, 0x30, 0x06, 0x01, 0x01, 0xFF, 0x02, 0x01,
    0x00, 0x30, 0x1D, 0x06, 0x03, 0x55, 0x1D, 0x0E, 0x04, 0x16, 0x04, 0x14, 0xB0, 0xBF, 0x3B, 0xB9,
    0xEC, 0xEB, 0xC7, 0x20, 0x97, 0x4C, 0x1D, 0x13, 0xA5, 0x90, 0x5A, 0x1A, 0x61, 0x35, 0x89, 0xA0,
    0x30, 0x1F, 0x06, 0x03, 0x55, 0x1D, 0x23, 0x04, 0x18, 0x30, 0x16, 0x80, 0x14, 0xB0, 0xBF, 0x3B,
    0xB9, 0xEC, 0xEB, 0xC7, 0x20, 0x97, 0x4C, 0x1D, 0x13, 0xA5, 0x90, 0x5A, 0x1A, 0x61, 0x35, 0x89,
    0xA0, 0x30, 0x0E, 0x06, 0x03, 0x55, 0x1D, 0x0F, 0x01, 0x01, 0xFF, 0x04, 0x04, 0x03, 0x02, 0x01,
    0x06, 0x30, 0x0D, 0x06, 0x09, 0x2A, 0x86, 0x48, 0x86, 0xF7, 0x0D, 0x01, 0x01, 0x05, 0x05, 0x00,
    0x03, 0x82, 0x02, 0x01, 0x00, 0x2F, 0x86, 0x31, 0x89, 0x86, 0x9F, 0x1A, 0xD1, 0xAC, 0xD4, 0x93,
    0x4C, 0x65, 0x45, 0xF5, 0x6A, 0xFD, 0xF4, 0x10, 0x08, 0xAF, 0xBF, 0x1C, 0x6B, 0x87, 0xE1, 0xE8,
    0x08, 0x85, 0x2D, 0x5D, 0x1F, 0xD0, 0x8F, 0xB0, 0x2D, 0xBB, 0x54, 0x5C, 0xCA, 0x86, 0x60, 0xEF,
    0xB2, 0x70, 0x61, 0x5D, 0x00, 0xA3, 0x0C, 0x5F, 0x7C, 0x24, 0xF0, 0xC4, 0x3A, 0x66, 0x73, 0x73,
    0x9B, 0x2E, 0xBE, 0xDA, 0xA9, 0xDA, 0xC8, 0xFA, 0x84, 0xA4, 0x0F, 0x64, 0x6E, 0xAA, 0xFD, 0x3C,
    0x81, 0x97, 0x7A, 0xA2, 0xAB, 0x18, 0xA9, 0xE5, 0x66, 0x62, 0xA6, 0xD6, 0x9E, 0x54, 0xCC, 0xF1,
    0xF2, 0xEC, 0x88, 0xE9, 0x3C, 0x90, 0xDE, 0xDA, 0x9B, 0x54, 0x47, 0x3D, 0x33, 0x9E, 0x28, 0x61,
    0x52, 0x92, 0x52, 0x04, 0x7E, 0x1A, 0xD7, 0xBC, 0x18, 0xA9, 0x89, 0xEC, 0x23, 0x3E, 0x4A, 0x76,
    0x6A, 0x26, 0x53, 0xF5, 0x47, 0x52, 0x40, 0xDB, 0x47, 0x0A, 0x21, 0x0D, 0x96, 0x4B, 0xA2, 0x8B,
    0x72, 0x49, 0x4D, 0xFE, 0x30, 0x85, 0xFB, 0xD4, 0xF5, 0xBC, 0xD4, 0xBC, 0xE2, 0x3D, 0xD5, 0xAC,
    0xFF, 0xEF, 0xF1, 0x0E, 0x37, 0xA1, 0x74, 0x67, 0xDE, 0xB8, 0xE9, 0xF6, 0x72, 0x24, 0x18, 0x70,
    0x93, 0xAC, 0xE3, 0x85, 0x0F, 0x36, 0x2B, 0x5E, 0x8B, 0x14, 0x86, 0xDF, 0x5B, 0x4F, 0x00, 0x74,
    0x39, 0x30, 0x97, 0x01, 0x2B, 0xBD, 0x4E, 0x35, 0x9D, 0xD1, 0xFA, 0x68, 0x67, 0xA6, 0x92, 0x89,
    0x10, 0xE1, 0xE7, 0x77, 0x90, 0xFC, 0x51, 0x2C, 0x58, 0x9A, 0x40, 0xA9, 0xDC, 0xFC, 0x41, 0x15,
    0x54, 0x39, 0xE7, 0x82, 0x53, 0xC4, 0xB7, 0x60, 0xC7, 0x1D, 0x82, 0x13, 0xAF, 0x67, 0x71, 0xC0,
    0xFC, 0x29, 0xA4, 0x16, 0xC8, 0xDF, 0xE4, 0x1C, 0x34, 0x59, 0x7E, 0x6A, 0xDA, 0x30, 0x66, 0xE1,
    0x9B, 0xC1, 0x6E, 0xB2, 0x58, 0x50, 0xBA, 0x88, 0x9F, 0x4D, 0x9C, 0x7E, 0x86, 0x5F, 0x85, 0x55,
    0x94, 0x1F, 0x3C, 0x9C, 0x5D, 0x30, 0x7D, 0xCF, 0x2A, 0x89, 0x51, 0x8B, 0xE9, 0xF0, 0x75, 0x91,
    0x17, 0xEC, 0xBD, 0x52, 0xCC, 0x62, 0x77, 0xCF, 0xE0, 0x7E, 0x93, 0xDE, 0x95, 0x74, 0xF6, 0x3D,
    0xBA, 0x57, 0xDD, 0x46, 0xA4, 0x55, 0x68, 0x72, 0x27, 0xA9, 0x70, 0xD9, 0x18, 0x5E, 0x00, 0x16,
    0x9F, 0xDC, 0xD1, 0x13, 0xF1, 0x8B, 0x88, 0xD6, 0xC3, 0xF9, 0x1A, 0x10, 0xE3, 0x04, 0x0A, 0x0B,
    0xF2, 0x28, 0x5E, 0xD9, 0x34, 0xF9, 0x9E, 0xBD, 0xCC, 0x19, 0xA3, 0xC9, 0x84, 0x76, 0x0C, 0x1B,
    0x41, 0xE8, 0xED, 0x74, 0xD7, 0x76, 0x81, 0x89, 0x0B, 0x0D, 0x0D, 0xBA, 0x8A, 0x23, 0xF2, 0xE7,
    0x76, 0x28, 0x18, 0xBC, 0x29, 0xD1, 0xE5, 0xAD, 0xC6, 0x67, 0x9C, 0x4F, 0x51, 0xDF, 0x7E, 0xF5,
    0x49, 0x91, 0xFB, 0xFD, 0x42, 0xED, 0x50, 0xA6, 0xAD, 0x99, 0xDD, 0x24, 0x24, 0x01, 0x36, 0x0B,
    0x4B, 0x4F, 0x2E, 0x00, 0xC8, 0x89, 0x8D, 0x10, 0xA1, 0x4B, 0xCC, 0x27, 0xA8, 0x8D, 0x7E, 0x56,
    0x29, 0xAB, 0xDA, 0xCF, 0x3D, 0xEC, 0x7D, 0x69, 0xF6, 0xC0, 0x61, 0x5B, 0x03, 0xD5, 0x49, 0x81,
    0xEB, 0xD3, 0x1E, 0xFC, 0xCC, 0xFB, 0x74, 0xB2, 0xC1, 0xB8, 0x18, 0x00, 0x96, 0xAD, 0x7E, 0x53,
    0x28, 0xDE, 0x13, 0x55, 0xB6, 0x0D, 0x48, 0x61, 0xB0, 0xAA, 0x08, 0xB4, 0x01, 0xA6, 0xCD, 0xB4,
    0xC3, 0x32, 0xAE, 0x0A, 0x8A, 0x95, 0x59, 0x6A, 0xAE, 0xFA, 0xB1, 0xE6, 0x59, 0x0C, 0x92, 0x5E,
    0x4C, 0x81, 0xF0, 0x3F, 0x67, 0xDD, 0x67, 0x91, 0x15, 0xFF, 0x22, 0x69, 0x97, 0x1B, 0xD2, 0xB5,
    0x3D, 0xEC, 0xB2, 0xC4, 0x00, 0xA8, 0xDF, 0xA5, 0x16, 0x90, 0xE0, 0x2D, 0x99, 0x8A, 0x2D, 0x4C,
    0x25, 0x58, 0x3C, 0x64, 0x30
};

const unsigned char EmbeddedProdCSCA_5 [] = {
    0x30, 0x82, 0x07, 0x9A, 0x30, 0x82, 0x05, 0x4E, 0xA0, 0x03, 0x02, 0x01, 0x02, 0x02, 0x08, 0x3D,
    0x40, 0x1E, 0x98, 0xCA, 0xBB, 0xAD, 0xDA, 0x30, 0x41, 0x06, 0x09, 0x2A, 0x86, 0x48, 0x86, 0xF7,
    0x0D, 0x01, 0x01, 0x0A, 0x30, 0x34, 0xA0, 0x0F, 0x30, 0x0D, 0x06, 0x09, 0x60, 0x86, 0x48, 0x01,
    0x65, 0x03, 0x04, 0x02, 0x03, 0x05, 0x00, 0xA1, 0x1C, 0x30, 0x1A, 0x06, 0x09, 0x2A, 0x86, 0x48,
    0x86, 0xF7, 0x0D, 0x01, 0x01, 0x08, 0x30, 0x0D, 0x06, 0x09, 0x60, 0x86, 0x48, 0x01, 0x65, 0x03,
    0x04, 0x02, 0x03, 0x05, 0x00, 0xA2, 0x03, 0x02, 0x01, 0x40, 0x30, 0x81, 0x90, 0x31, 0x22, 0x30,
    0x20, 0x06, 0x03, 0x55, 0x04, 0x03, 0x0C, 0x19, 0x49, 0x74, 0x61, 0x6C, 0x69, 0x61, 0x6E, 0x20,
    0x43, 0x6F, 0x75, 0x6E, 0x74, 0x72, 0x79, 0x20, 0x53, 0x69, 0x67, 0x6E, 0x65, 0x72, 0x20, 0x43,
    0x41, 0x31, 0x3E, 0x30, 0x3C, 0x06, 0x03, 0x55, 0x04, 0x0B, 0x0C, 0x35, 0x4E, 0x61, 0x74, 0x69,
    0x6F, 0x6E, 0x61, 0x6C, 0x20, 0x45, 0x6C, 0x65, 0x63, 0x74, 0x72, 0x6F, 0x6E, 0x69, 0x63, 0x20,
    0x43, 0x65, 0x6E, 0x74, 0x65, 0x72, 0x20, 0x6F, 0x66, 0x20, 0x49, 0x74, 0x61, 0x6C, 0x69, 0x61,
    0x6E, 0x20, 0x4E, 0x61, 0x74, 0x69, 0x6F, 0x6E, 0x61, 0x6C, 0x20, 0x50, 0x6F, 0x6C, 0x69, 0x63,
    0x65, 0x31, 0x1D, 0x30, 0x1B, 0x06, 0x03, 0x55, 0x04, 0x0A, 0x0C, 0x14, 0x4D, 0x69, 0x6E, 0x69,
    0x73, 0x74, 0x72, 0x79, 0x20, 0x6F, 0x66, 0x20, 0x49, 0x6E, 0x74, 0x65, 0x72, 0x69, 0x6F, 0x72,
    0x31, 0x0B, 0x30, 0x09, 0x06, 0x03, 0x55, 0x04, 0x06, 0x13, 0x02, 0x49, 0x54, 0x30, 0x1E, 0x17,
    0x0D, 0x32, 0x30, 0x30, 0x34, 0x32, 0x39, 0x30, 0x39, 0x33, 0x30, 0x34, 0x33, 0x5A, 0x17, 0x0D,
    0x33, 0x35, 0x30, 0x37, 0x32, 0x35, 0x30, 0x39, 0x33, 0x30, 0x34, 0x33, 0x5A, 0x30, 0x81, 0x90,
    0x31, 0x22, 0x30, 0x20, 0x06, 0x03, 0x55, 0x04, 0x03, 0x0C, 0x19, 0x49, 0x74, 0x61, 0x6C, 0x69,
    0x61, 0x6E, 0x20, 0x43, 0x6F, 0x75, 0x6E, 0x74, 0x72, 0x79, 0x20, 0x53, 0x69, 0x67, 0x6E, 0x65,
    0x72, 0x20, 0x43, 0x41, 0x31, 0x3E, 0x30, 0x3C, 0x06, 0x03, 0x55, 0x04, 0x0B, 0x0C, 0x35, 0x4E,
    0x61, 0x74, 0x69, 0x6F, 0x6E, 0x61, 0x6C, 0x20, 0x45, 0x6C, 0x65, 0x63, 0x74, 0x72, 0x6F, 0x6E,
    0x69, 0x63, 0x20, 0x43, 0x65, 0x6E, 0x74, 0x65, 0x72, 0x20, 0x6F, 0x66, 0x20, 0x49, 0x74, 0x61,
    0x6C, 0x69, 0x61, 0x6E, 0x20, 0x4E, 0x61, 0x74, 0x69, 0x6F, 0x6E, 0x61, 0x6C, 0x20, 0x50, 0x6F,
    0x6C, 0x69, 0x63, 0x65, 0x31, 0x1D, 0x30, 0x1B, 0x06, 0x03, 0x55, 0x04, 0x0A, 0x0C, 0x14, 0x4D,
    0x69, 0x6E, 0x69, 0x73, 0x74, 0x72, 0x79, 0x20, 0x6F, 0x66, 0x20, 0x49, 0x6E, 0x74, 0x65, 0x72,
    0x69, 0x6F, 0x72, 0x31, 0x0B, 0x30, 0x09, 0x06, 0x03, 0x55, 0x04, 0x06, 0x13, 0x02, 0x49, 0x54,
    0x30, 0x82, 0x02, 0x22, 0x30, 0x0D, 0x06, 0x09, 0x2A, 0x86, 0x48, 0x86, 0xF7, 0x0D, 0x01, 0x01,
    0x01, 0x05, 0x00, 0x03, 0x82, 0x02, 0x0F, 0x00, 0x30, 0x82, 0x02, 0x0A, 0x02, 0x82, 0x02, 0x01,
    0x00, 0xAD, 0x24, 0x9D, 0xB0, 0xAC, 0x7E, 0x6B, 0xCA, 0xC3, 0x67, 0x3E, 0xF6, 0x40, 0x33, 0x93,
    0xD9, 0x86, 0x46, 0x13, 0x78, 0x3F, 0x29, 0x50, 0x61, 0x62, 0x0C, 0xB3, 0x34, 0x04, 0x6A, 0x1E,
    0x9E, 0x75, 0x28, 0xCF, 0xD1, 0xAF, 0xFD, 0x36, 0x47, 0xBD, 0x6B, 0xD1, 0xBA, 0x96, 0xC6, 0x16,
    0xC7, 0x70, 0xA5, 0xC1, 0x35, 0xAF, 0x9B, 0xF7, 0x39, 0xE9, 0xE2, 0xD9, 0xB6, 0x76, 0xCB, 0x67,
    0x3C, 0x99, 0x43, 0x59, 0x4F, 0xC2, 0xC8, 0x4C, 0xC4, 0xAA, 0x8D, 0xBF, 0x33, 0xBE, 0x38, 0x56,
    0x58, 0xE6, 0x92, 0x46, 0x31, 0x19, 0x1D, 0xCF, 0xD6, 0x0D, 0x97, 0x9F, 0x71, 0x45, 0x35, 0x99,
    0x83, 0xAA, 0x6B, 0xE0, 0xB5, 0xEE, 0xE9, 0x3E, 0x6F, 0x56, 0x81, 0x0C, 0x51, 0x85, 0x2B, 0x6A,
    0x2E, 0xB5, 0x42, 0x26, 0x5D, 0x45, 0xC8, 0xE8, 0x3D, 0xC2, 0x81, 0x60, 0xB7, 0xA2, 0xE0, 0x98,
    0xA9, 0x37, 0x8D, 0xB5, 0xFB, 0x83, 0xB2, 0x53, 0xBC, 0x19, 0x41, 0xCB, 0x5E, 0x3B, 0x4C, 0x0B,
    0x2A, 0x69, 0x12, 0x62, 0xA9, 0x15, 0x6C, 0xFB, 0xE6, 0xBA, 0xE5, 0xD6, 0x04, 0x52, 0x68, 0x80,
    0x3D, 0x3A, 0x06, 0x62, 0xF8, 0xE0, 0x45, 0x06, 0x71, 0x45, 0x98, 0xFC, 0xB0, 0x6E, 0xEA, 0x0A,
    0x74, 0xC3, 0xE8, 0x56, 0x33, 0x44, 0xEA, 0x70, 0xC0, 0x41, 0x73, 0xE7, 0xDA, 0x5E, 0x64, 0xCC,
    0x6B, 0x2A, 0xFF, 0xDE, 0xD0, 0x16, 0x47, 0x05, 0x22, 0x8C, 0x18, 0x60, 0x9E, 0xB1, 0xEC, 0x70,
    0x40, 0xD8, 0xF6, 0xBF, 0x71, 0x07, 0x58, 0xEB, 0x5B, 0x86, 0xA7, 0xFB, 0x9E, 0x32, 0x12, 0x28,
    0x31, 0x85, 0xCA, 0x8E, 0x42, 0x8E, 0xDD, 0x0A, 0xC9, 0xA6, 0xD5, 0xFA, 0x46, 0xA5, 0xF7, 0xBE,
    0xD7, 0x8A, 0x32, 0xAC, 0xDD, 0xFB, 0x72, 0x3D, 0x4B, 0xE5, 0xA9, 0xF1, 0xAA, 0xA4, 0x76, 0x74,
    0x90, 0x64, 0x26, 0x2D, 0xF6, 0x54, 0x8E, 0x0C, 0xDE, 0xFC, 0x00, 0xE7, 0x36, 0x7F, 0x7B, 0x15,
    0x88, 0x4A, 0x27, 0x6F, 0x61, 0xD4, 0x4C, 0xBF, 0x59, 0xAC, 0x36, 0x56, 0x1B, 0xB5, 0x1D, 0x29,
    0xFF, 0xC3, 0xBF, 0x90, 0xA8, 0xFE, 0xB8, 0xD0, 0x9A, 0x27, 0x9D, 0xD5, 0xF6, 0x70, 0xEF, 0xFE,
    0x57, 0x39, 0xB1, 0xFD, 0x40, 0x19, 0x36, 0xCA, 0xE6, 0xC5, 0xB9, 0x84, 0x8A, 0xF8, 0x6F, 0x82,
    0x02, 0x19, 0x0E, 0x65, 0xFC, 0x47, 0xFC, 0xA2, 0xA1, 0xF6, 0xCF, 0x95, 0x18, 0xE3, 0x77, 0x54,
    0xD9, 0x5C, 0xE8, 0xC6, 0x93, 0x1C, 0x6C, 0xF9, 0x9D, 0xF2, 0x38, 0x82, 0x0F, 0xFC, 0x7C, 0x50,
    0x9F, 0x50, 0x2E, 0x87, 0xF9, 0x4D, 0x33, 0x42, 0xD8, 0x53, 0x89, 0xB2, 0x64, 0xF5, 0x40, 0xC5,
    0xAD, 0xBE, 0x6F, 0xDD, 0xBE, 0x96, 0x51, 0x99, 0x4F, 0x3B, 0x4D, 0x0B, 0x5C, 0x7C, 0xB7, 0xB1,
    0x00, 0xF2, 0x05, 0x8B, 0xE8, 0xD8, 0xC6, 0x5C, 0x2B, 0x59, 0x0B, 0x29, 0xF5, 0x82, 0x47, 0x83,
    0x4D, 0xAD, 0x8E, 0xDF, 0x6F, 0xEE, 0x6D, 0x4C, 0x97, 0x91, 0x0A, 0x84, 0x32, 0xB9, 0x57, 0x23,
    0xAF, 0x81, 0x7C, 0xEE, 0x18, 0x60, 0xAF, 0x73, 0x32, 0xAF, 0x37, 0xC7, 0xDF, 0x0C, 0xFA, 0x6A,
    0xA1, 0x31, 0x2F, 0x6A, 0x38, 0x5C, 0xDC, 0xB6, 0x68, 0x2E, 0xC6, 0xCC, 0x84, 0xF8, 0x4A, 0x5A,
    0xAD, 0x99, 0xF3, 0xAF, 0x5F, 0xC8, 0x76, 0xB1, 0xB2, 0x63, 0xE9, 0x68, 0x20, 0x0A, 0x95, 0xE0,
    0xA1, 0xD0, 0x39, 0xAB, 0xCB, 0x69, 0x6C, 0xBD, 0xB2, 0xA6, 0x7A, 0x6F, 0x49, 0xA1, 0xC7, 0x75,
    0x33, 0x8B, 0x90, 0x7C, 0xB0, 0x73, 0xAA, 0x87, 0x77, 0x89, 0x9A, 0x10, 0xA1, 0xB3, 0x57, 0x36,
    0xD1, 0x08, 0x09, 0xE8, 0x2A, 0x98, 0x06, 0x33, 0x55, 0x54, 0xEC, 0xCE, 0x64, 0x31, 0x90, 0x30,
    0xDB, 0x02, 0x03, 0x01, 0x00, 0x01, 0xA3, 0x82, 0x01, 0x8C, 0x30, 0x82, 0x01, 0x88, 0x30, 0x12,
    0x06, 0x03, 0x55, 0x1D, 0x13, 0x01, 0x01, 0xFF, 0x04, 0x08, 0x30, 0x06, 0x01, 0x01, 0xFF, 0x02,
    0x01, 0x00, 0x30, 0x1F, 0x06, 0x03, 0x55, 0x1D, 0x23, 0x04, 0x18, 0x30, 0x16, 0x80, 0x14, 0xD1,
    0x1A, 0x50, 0x5E, 0x15, 0xAD, 0xEA, 0x5A, 0x61, 0x77, 0x9C, 0xA4, 0xA2, 0xA9, 0x91, 0xEC, 0x39,
    0x49, 0xD1, 0xF9, 0x30, 0x52, 0x06, 0x03, 0x55, 0x1D, 0x12, 0x04, 0x4B, 0x30, 0x49, 0x81, 0x13,
    0x73, 0x70, 0x6F, 0x63, 0x2D, 0x69, 0x74, 0x61, 0x40, 0x69, 0x6E, 0x74, 0x65, 0x72, 0x6E, 0x6F,
    0x2E, 0x69, 0x74, 0xA4, 0x10, 0x30, 0x0E, 0x31, 0x0C, 0x30, 0x0A, 0x06, 0x03, 0x55, 0x04, 0x07,
    0x0C, 0x03, 0x49, 0x54, 0x41, 0x86, 0x20, 0x68, 0x74, 0x74, 0x70, 0x73, 0x3A, 0x2F, 0x2F, 0x63,
    0x73, 0x63, 0x61, 0x2D, 0x69, 0x74, 0x61, 0x2E, 0x69, 0x6E, 0x74, 0x65, 0x72, 0x6E, 0x6F, 0x2E,
    0x67, 0x6F, 0x76, 0x2E, 0x69, 0x74, 0x2F, 0x30, 0x52, 0x06, 0x03, 0x55, 0x1D, 0x11, 0x04, 0x4B,
    0x30, 0x49, 0x81, 0x13, 0x73, 0x70, 0x6F, 0x63, 0x2D, 0x69, 0x74, 0x61, 0x40, 0x69, 0x6E, 0x74,
    0x65, 0x72, 0x6E, 0x6F, 0x2E, 0x69, 0x74, 0xA4, 0x10, 0x30, 0x0E, 0x31, 0x0C, 0x30, 0x0A, 0x06,
    0x03, 0x55, 0x04, 0x07, 0x0C, 0x03, 0x49, 0x54, 0x41, 0x86, 0x20, 0x68, 0x74, 0x74, 0x70, 0x73,
    0x3A, 0x2F, 0x2F, 0x63, 0x73, 0x63, 0x61, 0x2D, 0x69, 0x74, 0x61, 0x2E, 0x69, 0x6E, 0x74, 0x65,
    0x72, 0x6E, 0x6F, 0x2E, 0x67, 0x6F, 0x76, 0x2E, 0x69, 0x74, 0x2F, 0x30, 0x4D, 0x06, 0x03, 0x55,
    0x1D, 0x1F, 0x04, 0x46, 0x30, 0x44, 0x30, 0x42, 0xA0, 0x40, 0xA0, 0x3E, 0x86, 0x3C, 0x68, 0x74,
    0x74, 0x70, 0x73, 0x3A, 0x2F, 0x2F, 0x63, 0x73, 0x63, 0x61, 0x2D, 0x69, 0x74, 0x61, 0x2E, 0x69,
    0x6E, 0x74, 0x65, 0x72, 0x6E, 0x6F, 0x2E, 0x67, 0x6F, 0x76, 0x2E, 0x69, 0x74, 0x2F, 0x63, 0x65,
    0x72, 0x74, 0x69, 0x66, 0x69, 0x63, 0x61, 0x74, 0x69, 0x43, 0x53, 0x43, 0x41, 0x2F, 0x43, 0x52,
    0x4C, 0x5F, 0x43, 0x53, 0x43, 0x41, 0x2E, 0x63, 0x72, 0x6C, 0x30, 0x1D, 0x06, 0x03, 0x55, 0x1D,
    0x0E, 0x04, 0x16, 0x04, 0x14, 0xD1, 0x1A, 0x50, 0x5E, 0x15, 0xAD, 0xEA, 0x5A, 0x61, 0x77, 0x9C,
    0xA4, 0xA2, 0xA9, 0x91, 0xEC, 0x39, 0x49, 0xD1, 0xF9, 0x30, 0x2B, 0x06, 0x03, 0x55, 0x1D, 0x10,
    0x04, 0x24, 0x30, 0x22, 0x80, 0x0F, 0x32, 0x30, 0x32, 0x30, 0x30, 0x34, 0x32, 0x39, 0x30, 0x39,
    0x33, 0x30, 0x34, 0x33, 0x5A, 0x81, 0x0F, 0x32, 0x30, 0x32, 0x34, 0x30, 0x34, 0x32, 0x38, 0x30,
    0x39, 0x33, 0x30, 0x34, 0x33, 0x5A, 0x30, 0x0E, 0x06, 0x03, 0x55, 0x1D, 0x0F, 0x01, 0x01, 0xFF,
    0x04, 0x04, 0x03, 0x02, 0x01, 0x06, 0x30, 0x41, 0x06, 0x09, 0x2A, 0x86, 0x48, 0x86, 0xF7, 0x0D,
    0x01, 0x01, 0x0A, 0x30, 0x34, 0xA0, 0x0F, 0x30, 0x0D, 0x06, 0x09, 0x60, 0x86, 0x48, 0x01, 0x65,
    0x03, 0x04, 0x02, 0x03, 0x05, 0x00, 0xA1, 0x1C, 0x30, 0x1A, 0x06, 0x09, 0x2A, 0x86, 0x48, 0x86,
    0xF7, 0x0D, 0x01, 0x01, 0x08, 0x30, 0x0D, 0x06, 0x09, 0x60, 0x86, 0x48, 0x01, 0x65, 0x03, 0x04,
    0x02, 0x03, 0x05, 0x00, 0xA2, 0x03, 0x02, 0x01, 0x40, 0x03, 0x82, 0x02, 0x01, 0x00, 0x25, 0x3B,
    0x3A, 0x99, 0xA1, 0xB2, 0x29, 0x3B, 0x95, 0x6E, 0xC6, 0xA8, 0xC9, 0x82, 0x51, 0x3C, 0xC1, 0x60,
    0xBC, 0x51, 0x4C, 0xD4, 0x58, 0x35, 0xEB, 0x30, 0xA1, 0xCF, 0x26, 0x2F, 0x08, 0xF9, 0x1B, 0xE7,
    0xAF, 0xAA, 0x19, 0x89, 0x29, 0xBC, 0x74, 0xEB, 0xA2, 0xC5, 0xFC, 0x3F, 0x60, 0x3B, 0x40, 0xF9,
    0xE8, 0x6E, 0xB5, 0x6A, 0x7B, 0x78, 0x54, 0xDC, 0x35, 0xD1, 0x25, 0xC7, 0xFB, 0x38, 0xF7, 0x8B,
    0x27, 0x54, 0xC3, 0x0A, 0x64, 0x3D, 0x53, 0x0B, 0x11, 0x7A, 0xB2, 0x5D, 0xDF, 0x88, 0xE7, 0x67,
    0xDE, 0x47, 0x9B, 0x8E, 0xF3, 0x0B, 0x67, 0x77, 0xF0, 0x28, 0xE8, 0x79, 0x36, 0x70, 0x7D, 0xC6,
    0xB6, 0x7F, 0x2C, 0x18, 0x28, 0x92, 0xB3, 0xA5, 0x6B, 0xBB, 0x60, 0xDD, 0x84, 0x2F, 0x32, 0xDB,
    0x74, 0xCB, 0xB3, 0x16, 0xB3, 0x5A, 0x62, 0x28, 0x01, 0x17, 0x10, 0x2E, 0x7C, 0x97, 0xF0, 0x18,
    0x68, 0x31, 0xB1, 0xDC, 0xAD, 0x7A, 0x79, 0x1A, 0xC3, 0xD0, 0x58, 0x49, 0x18, 0xFE, 0x24, 0xE6,
    0x9E, 0xA9, 0x9D, 0x69, 0x74, 0x73, 0x50, 0x13, 0xA2, 0x67, 0xC6, 0xF2, 0x20, 0xE9, 0x79, 0x22,
    0x83, 0x24, 0xF2, 0x85, 0x4B, 0x17, 0xDC, 0xCB, 0x7B, 0xC7, 0xEE, 0x02, 0xC7, 0x7C, 0xE7, 0x24,
    0x70, 0x27, 0xD5, 0xF2, 0xF0, 0xF8, 0xE0, 0x04, 0x68, 0xCE, 0x77, 0x02, 0x8D, 0x27, 0x95, 0x25,
    0x21, 0xA2, 0x15, 0x67, 0xC3, 0x07, 0xD2, 0xE9, 0xC9, 0x4F, 0x4A, 0xA4, 0xC4, 0x07, 0x38, 0x8B,
    0xFA, 0xEF, 0x64, 0x2C, 0x03, 0x06, 0x0E, 0x1F, 0xE8, 0xAE, 0x78, 0x73, 0xCD, 0x55, 0x63, 0xFD,
    0xCD, 0x7F, 0x68, 0x33, 0x22, 0xE4, 0x92, 0xDD, 0x39, 0xFA, 0x11, 0xBF, 0xD4, 0xEA, 0xD0, 0xE5,
    0xB5, 0x87, 0x2A, 0x2A, 0xFF, 0xCF, 0x8D, 0x11, 0xE7, 0xB9, 0x0A, 0x10, 0x4F, 0xA0, 0x49, 0x1D,
    0x31, 0xF5, 0xF0, 0x8D, 0x45, 0x15, 0x17, 0x1C, 0x66, 0x25, 0xC3, 0x58, 0x39, 0xB0, 0x23, 0xB0,
    0x26, 0x13, 0x3D, 0x86, 0x6E, 0x1B, 0x7F, 0xC9, 0x3C, 0xD7, 0x1D, 0x67, 0x07, 0x5F, 0x34, 0x33,
    0xB2, 0xE2, 0xF7, 0xD0, 0xD8, 0x53, 0x05, 0xA3, 0x0F, 0x88, 0x21, 0x9D, 0x63, 0xC2, 0x6C, 0xB4,
    0x86, 0x72, 0x12, 0xAA, 0x18, 0x61, 0xC1, 0x15, 0xEC, 0xFB, 0x9C, 0x9F, 0xF5, 0x89, 0x44, 0x70,
    0x41, 0x05, 0xDA, 0x34, 0x45, 0x07, 0xCF, 0x2B, 0x50, 0x9F, 0x60, 0x8B, 0xF2, 0x09, 0xA1, 0x3A,
    0x66, 0x54, 0x61, 0x5A, 0xAD, 0xEA, 0xE4, 0xB2, 0x2A, 0x3B, 0x4F, 0xCD, 0x45, 0xD4, 0x11, 0x3D,
    0xA6, 0xC4, 0x89, 0xC8, 0xB1, 0x36, 0x30, 0x61, 0xE4, 0x15, 0xE4, 0xB0, 0x0A, 0x5C, 0xCD, 0x6E,
    0x21, 0xDF, 0xAA, 0xF1, 0x3A, 0x57, 0x98, 0x7C, 0x34, 0x9A, 0x85, 0xB1, 0xA3, 0xA8, 0x78, 0x99,
    0x6A, 0xFA, 0xA2, 0x35, 0x4B, 0x57, 0x4D, 0x10, 0x28, 0x4E, 0x33, 0x67, 0x4F, 0x01, 0xC5, 0x1F,
    0x0A, 0x13, 0x3A, 0xC5, 0x33, 0x96, 0xBE, 0x70, 0x38, 0x4D, 0xD3, 0xA0, 0xEE, 0xCE, 0xD0, 0xB3,
    0x31, 0xB1, 0xBD, 0x7F, 0x3F, 0x32, 0xA7, 0x02, 0xC3, 0x46, 0x8D, 0x97, 0x6D, 0x57, 0x34, 0x89,
    0xFE, 0x65, 0x16, 0x48, 0x86, 0x7E, 0xDC, 0xC8, 0x7A, 0x93, 0xA1, 0x96, 0x0A, 0x1D, 0xE1, 0xA8,
    0xEC, 0x15, 0xF9, 0x3B, 0x25, 0xC8, 0xA7, 0xA4, 0x1E, 0xFF, 0xE9, 0x94, 0x18, 0x56, 0xAF, 0x10,
    0x9B, 0xFD, 0x5D, 0x13, 0x5A, 0x16, 0x3B, 0x13, 0xB9, 0x2E, 0x5F, 0x50, 0x01, 0x7E, 0xD4, 0xBF,
    0x41, 0xDA, 0xCC, 0x20, 0x5D, 0xFC, 0x3A, 0x42, 0x62, 0x94, 0x40, 0x65, 0x33, 0x31, 0x18, 0x53,
    0xD9, 0x62, 0xDA, 0xF8, 0xC9, 0xE2, 0x19, 0x75, 0xDA, 0x7A, 0xCD, 0x8C, 0x94, 0x17
};

const unsigned char EmbeddedProdCSCA_6 [] = {
    0x30, 0x82, 0x07, 0x9A, 0x30, 0x82, 0x05, 0x4E, 0xA0, 0x03, 0x02, 0x01, 0x02, 0x02, 0x08, 0x2D,
    0xE4, 0x74, 0x25, 0x0E, 0x09, 0x73, 0x9D, 0x30, 0x41, 0x06, 0x09, 0x2A, 0x86, 0x48, 0x86, 0xF7,
    0x0D, 0x01, 0x01, 0x0A, 0x30, 0x34, 0xA0, 0x0F, 0x30, 0x0D, 0x06, 0x09, 0x60, 0x86, 0x48, 0x01,
    0x65, 0x03, 0x04, 0x02, 0x03, 0x05, 0x00, 0xA1, 0x1C, 0x30, 0x1A, 0x06, 0x09, 0x2A, 0x86, 0x48,
    0x86, 0xF7, 0x0D, 0x01, 0x01, 0x08, 0x30, 0x0D, 0x06, 0x09, 0x60, 0x86, 0x48, 0x01, 0x65, 0x03,
    0x04, 0x02, 0x03, 0x05, 0x00, 0xA2, 0x03, 0x02, 0x01, 0x40, 0x30, 0x81, 0x90, 0x31, 0x22, 0x30,
    0x20, 0x06, 0x03, 0x55, 0x04, 0x03, 0x0C, 0x19, 0x49, 0x74, 0x61, 0x6C, 0x69, 0x61, 0x6E, 0x20,
    0x43, 0x6F, 0x75, 0x6E, 0x74, 0x72, 0x79, 0x20, 0x53, 0x69, 0x67, 0x6E, 0x65, 0x72, 0x20, 0x43,
    0x41, 0x31, 0x3E, 0x30, 0x3C, 0x06, 0x03, 0x55, 0x04, 0x0B, 0x0C, 0x35, 0x4E, 0x61, 0x74, 0x69,
    0x6F, 0x6E, 0x61, 0x6C, 0x20, 0x45, 0x6C, 0x65, 0x63, 0x74, 0x72, 0x6F, 0x6E, 0x69, 0x63, 0x20,
    0x43, 0x65, 0x6E, 0x74, 0x65, 0x72, 0x20, 0x6F, 0x66, 0x20, 0x49, 0x74, 0x61, 0x6C, 0x69, 0x61,
    0x6E, 0x20, 0x4E, 0x61, 0x74, 0x69, 0x6F, 0x6E, 0x61, 0x6C, 0x20, 0x50, 0x6F, 0x6C, 0x69, 0x63,
    0x65, 0x31, 0x1D, 0x30, 0x1B, 0x06, 0x03, 0x55, 0x04, 0x0A, 0x0C, 0x14, 0x4D, 0x69, 0x6E, 0x69,
    0x73, 0x74, 0x72, 0x79, 0x20, 0x6F, 0x66, 0x20, 0x49, 0x6E, 0x74, 0x65, 0x72, 0x69, 0x6F, 0x72,
    0x31, 0x0B, 0x30, 0x09, 0x06, 0x03, 0x55, 0x04, 0x06, 0x13, 0x02, 0x49, 0x54, 0x30, 0x1E, 0x17,
    0x0D, 0x32, 0x34, 0x30, 0x34, 0x31, 0x37, 0x30, 0x39, 0x31, 0x33, 0x32, 0x32, 0x5A, 0x17, 0x0D,
    0x33, 0x39, 0x30, 0x37, 0x31, 0x33, 0x30, 0x39, 0x31, 0x33, 0x32, 0x31, 0x5A, 0x30, 0x81, 0x90,
    0x31, 0x22, 0x30, 0x20, 0x06, 0x03, 0x55, 0x04, 0x03, 0x0C, 0x19, 0x49, 0x74, 0x61, 0x6C, 0x69,
    0x61, 0x6E, 0x20, 0x43, 0x6F, 0x75, 0x6E, 0x74, 0x72, 0x79, 0x20, 0x53, 0x69, 0x67, 0x6E, 0x65,
    0x72, 0x20, 0x43, 0x41, 0x31, 0x3E, 0x30, 0x3C, 0x06, 0x03, 0x55, 0x04, 0x0B, 0x0C, 0x35, 0x4E,
    0x61, 0x74, 0x69, 0x6F, 0x6E, 0x61, 0x6C, 0x20, 0x45, 0x6C, 0x65, 0x63, 0x74, 0x72, 0x6F, 0x6E,
    0x69, 0x63, 0x20, 0x43, 0x65, 0x6E, 0x74, 0x65, 0x72, 0x20, 0x6F, 0x66, 0x20, 0x49, 0x74, 0x61,
    0x6C, 0x69, 0x61, 0x6E, 0x20, 0x4E, 0x61, 0x74, 0x69, 0x6F, 0x6E, 0x61, 0x6C, 0x20, 0x50, 0x6F,
    0x6C, 0x69, 0x63, 0x65, 0x31, 0x1D, 0x30, 0x1B, 0x06, 0x03, 0x55, 0x04, 0x0A, 0x0C, 0x14, 0x4D,
    0x69, 0x6E, 0x69, 0x73, 0x74, 0x72, 0x79, 0x20, 0x6F, 0x66, 0x20, 0x49, 0x6E, 0x74, 0x65, 0x72,
    0x69, 0x6F, 0x72, 0x31, 0x0B, 0x30, 0x09, 0x06, 0x03, 0x55, 0x04, 0x06, 0x13, 0x02, 0x49, 0x54,
    0x30, 0x82, 0x02, 0x22, 0x30, 0x0D, 0x06, 0x09, 0x2A, 0x86, 0x48, 0x86, 0xF7, 0x0D, 0x01, 0x01,
    0x01, 0x05, 0x00, 0x03, 0x82, 0x02, 0x0F, 0x00, 0x30, 0x82, 0x02, 0x0A, 0x02, 0x82, 0x02, 0x01,
    0x00, 0xB6, 0x43, 0x31, 0x37, 0x03, 0x5D, 0x6C, 0xB7, 0xB8, 0x27, 0xA7, 0x7B, 0xF7, 0x69, 0x5E,
    0x35, 0x38, 0xA9, 0xB9, 0xB8, 0x4E, 0x07, 0xB1, 0x7B, 0x26, 0xEF, 0xDD, 0x8F, 0x8A, 0x38, 0x2F,
    0x54, 0xC5, 0x82, 0x7B, 0xEF, 0x8A, 0xBD, 0xF9, 0x15, 0x0F, 0x8A, 0x0C, 0xCD, 0x26, 0xEA, 0xF4,
    0x79, 0x23, 0x68, 0x99, 0x0C, 0xFC, 0x25, 0xB8, 0x48, 0x14, 0xEA, 0x2C, 0xD2, 0xDD, 0xCB, 0x90,
    0x11, 0x24, 0xC8, 0x3E, 0x26, 0xC6, 0x33, 0x84, 0x32, 0x8F, 0xB5, 0xFA, 0x15, 0x42, 0x33, 0xBB,
    0x35, 0x63, 0x1A, 0x41, 0x34, 0x48, 0x3D, 0x13, 0x90, 0xB1, 0x00, 0x5E, 0x8E, 0x9D, 0x83, 0xD5,
    0xA0, 0xEA, 0x7C, 0x9F, 0x5F, 0x14, 0x96, 0x90, 0xAD, 0x09, 0x9F, 0xEA, 0xBB, 0xC3, 0x5F, 0x5C,
    0x94, 0x87, 0x3C, 0xCC, 0xF7, 0xCE, 0x2B, 0x7C, 0x5B, 0x28, 0x0A, 0x9A, 0x22, 0xA2, 0xAA, 0xA7,
    0xD9, 0x33, 0xD5, 0x00, 0x0F, 0x39, 0xE7, 0xA0, 0x75, 0x35, 0x87, 0xCD, 0xA8, 0x21, 0x34, 0x37,
    0xBE, 0x96, 0x0E, 0xEC, 0x71, 0x2C, 0x9B, 0x15, 0x5B, 0x57, 0x52, 0x4E, 0xF7, 0x32, 0x36, 0x02,
    0x85, 0x94, 0x53, 0xEE, 0xBD, 0x35, 0x75, 0xDF, 0x4B, 0x27, 0x56, 0xB1, 0x88, 0x97, 0xD4, 0xD2,
    0x89, 0x05, 0x5D, 0xA3, 0xD2, 0xC1, 0x4C, 0xAD, 0x27, 0x6F, 0xDF, 0x2E, 0xD3, 0x77, 0xDE, 0x3B,
    0x4B, 0x47, 0xB3, 0xC7, 0x40, 0x77, 0x05, 0x1C, 0xE3, 0x1A, 0x45, 0x05, 0x63, 0xBE, 0xF4, 0x94,
    0x0A, 0x75, 0x02, 0xBB, 0xAE, 0x20, 0xC7, 0x47, 0x35, 0x8C, 0xE2, 0x2E, 0x64, 0x1C, 0xD0, 0x26,
    0x57, 0x4A, 0x35, 0xCA, 0x23, 0xE9, 0xD8, 0x2B, 0x0F, 0x76, 0xB0, 0x83, 0x28, 0xC5, 0xB8, 0x92,
    0x5A, 0xB7, 0xEE, 0xB5, 0x96, 0x8C, 0x28, 0x12, 0xAD, 0x00, 0x32, 0x01, 0x95, 0x1A, 0x5C, 0xCA,
    0xF1, 0x21, 0xC5, 0x98, 0x03, 0x02, 0xA1, 0x5C, 0x92, 0xC3, 0x39, 0xAE, 0x2A, 0xC9, 0xCA, 0x7D,
    0x0B, 0xB8, 0x99, 0xD0, 0xBB, 0xB0, 0x8F, 0xD2, 0x47, 0xA8, 0x2D, 0x55, 0x05, 0x6A, 0x6A, 0xB7,
    0xE1, 0x56, 0x2A, 0x29, 0xCB, 0x52, 0x7A, 0x44, 0xF3, 0xD3, 0x91, 0x0A, 0xB8, 0x3A, 0x77, 0xFD,
    0x2F, 0x47, 0x93, 0xD1, 0x9C, 0x1F, 0x7F, 0x05, 0x99, 0x61, 0xDD, 0x7F, 0x08, 0xD4, 0xA0, 0xD2,
    0x73, 0xDD, 0xF6, 0xEA, 0x46, 0x88, 0xF5, 0x51, 0xB3, 0x59, 0x15, 0x0F, 0x11, 0x5C, 0xBB, 0x27,
    0x95, 0x86, 0x72, 0x0E, 0x4D, 0xFB, 0xD8, 0xDF, 0x26, 0xBC, 0x38, 0x74, 0x5D, 0xDD, 0x04, 0x82,
    0xD9, 0x4E, 0x6C, 0xE4, 0x0D, 0x71, 0x77, 0xAC, 0xD5, 0x79, 0x43, 0x52, 0xCB, 0xEB, 0x5D, 0xFD,
    0x52, 0xB8, 0x00, 0xED, 0x78, 0x98, 0xA2, 0xAE, 0x49, 0x32, 0x3E, 0xDD, 0xC8, 0x34, 0x95, 0x02,
    0xCA, 0xAD, 0xC1, 0x15, 0xA0, 0x2E, 0x65, 0xBC, 0xE3, 0xEA, 0x7E, 0xE8, 0x92, 0xE4, 0xA2, 0x58,
    0xDF, 0x54, 0xB8, 0xEB, 0xEE, 0xC4, 0xC5, 0xEC, 0x05, 0x72, 0x9C, 0x73, 0x2D, 0xBC, 0x5A, 0x9F,
    0xA9, 0xEE, 0xFC, 0x2A, 0x44, 0x8B, 0x31, 0x95, 0x0E, 0xA3, 0xE3, 0x62, 0x5A, 0x80, 0x3D, 0x6C,
    0xCE, 0x9B, 0xBF, 0x66, 0x53, 0xEE, 0x21, 0xA8, 0xC2, 0x49, 0x24, 0x12, 0x9C, 0x45, 0xFA, 0x04,
    0x00, 0x62, 0xC9, 0xD5, 0xCE, 0xF5, 0xAF, 0xCF, 0x87, 0x78, 0xBE, 0x89, 0x25, 0x71, 0xF9, 0xD6,
    0xAA, 0xE1, 0x04, 0x72, 0xEA, 0x7A, 0x80, 0x4A, 0x5F, 0xB9, 0x54, 0x63, 0xD7, 0x60, 0x55, 0xA6,
    0xE6, 0x14, 0xCE, 0x57, 0xB8, 0x9B, 0x63, 0xCF, 0xBA, 0x8A, 0x55, 0x89, 0x82, 0x41, 0xB0, 0x78,
    0x96, 0x69, 0x3E, 0x85, 0x30, 0x54, 0x31, 0x06, 0x60, 0x75, 0x9D, 0x44, 0x7A, 0x23, 0xE7, 0xA4,
    0x2F, 0x02, 0x03, 0x01, 0x00, 0x01, 0xA3, 0x82, 0x01, 0x8C, 0x30, 0x82, 0x01, 0x88, 0x30, 0x12,
    0x06, 0x03, 0x55, 0x1D, 0x13, 0x01, 0x01, 0xFF, 0x04, 0x08, 0x30, 0x06, 0x01, 0x01, 0xFF, 0x02,
    0x01, 0x00, 0x30, 0x1F, 0x06, 0x03, 0x55, 0x1D, 0x23, 0x04, 0x18, 0x30, 0x16, 0x80, 0x14, 0xE9,
    0x4A, 0x91, 0x19, 0x70, 0x72, 0xCD, 0x25, 0x69, 0x51, 0x79, 0x0E, 0x6C, 0xFE, 0x23, 0x86, 0xED,
    0xB0, 0x9D, 0x6E, 0x30, 0x52, 0x06, 0x03, 0x55, 0x1D, 0x12, 0x04, 0x4B, 0x30, 0x49, 0x81, 0x13,
    0x73, 0x70, 0x6F, 0x63, 0x2D, 0x69, 0x74, 0x61, 0x40, 0x69, 0x6E, 0x74, 0x65, 0x72, 0x6E, 0x6F,
    0x2E, 0x69, 0x74, 0xA4, 0x10, 0x30, 0x0E, 0x31, 0x0C, 0x30, 0x0A, 0x06, 0x03, 0x55, 0x04, 0x07,
    0x0C, 0x03, 0x49, 0x54, 0x41, 0x86, 0x20, 0x68, 0x74, 0x74, 0x70, 0x73, 0x3A, 0x2F, 0x2F, 0x63,
    0x73, 0x63, 0x61, 0x2D, 0x69, 0x74, 0x61, 0x2E, 0x69, 0x6E, 0x74, 0x65, 0x72, 0x6E, 0x6F, 0x2E,
    0x67, 0x6F, 0x76, 0x2E, 0x69, 0x74, 0x2F, 0x30, 0x52, 0x06, 0x03, 0x55, 0x1D, 0x11, 0x04, 0x4B,
    0x30, 0x49, 0x81, 0x13, 0x73, 0x70, 0x6F, 0x63, 0x2D, 0x69, 0x74, 0x61, 0x40, 0x69, 0x6E, 0x74,
    0x65, 0x72, 0x6E, 0x6F, 0x2E, 0x69, 0x74, 0xA4, 0x10, 0x30, 0x0E, 0x31, 0x0C, 0x30, 0x0A, 0x06,
    0x03, 0x55, 0x04, 0x07, 0x0C, 0x03, 0x49, 0x54, 0x41, 0x86, 0x20, 0x68, 0x74, 0x74, 0x70, 0x73,
    0x3A, 0x2F, 0x2F, 0x63, 0x73, 0x63, 0x61, 0x2D, 0x69, 0x74, 0x61, 0x2E, 0x69, 0x6E, 0x74, 0x65,
    0x72, 0x6E, 0x6F, 0x2E, 0x67, 0x6F, 0x76, 0x2E, 0x69, 0x74, 0x2F, 0x30, 0x4D, 0x06, 0x03, 0x55,
    0x1D, 0x1F, 0x04, 0x46, 0x30, 0x44, 0x30, 0x42, 0xA0, 0x40, 0xA0, 0x3E, 0x86, 0x3C, 0x68, 0x74,
    0x74, 0x70, 0x73, 0x3A, 0x2F, 0x2F, 0x63, 0x73, 0x63, 0x61, 0x2D, 0x69, 0x74, 0x61, 0x2E, 0x69,
    0x6E, 0x74, 0x65, 0x72, 0x6E, 0x6F, 0x2E, 0x67, 0x6F, 0x76, 0x2E, 0x69, 0x74, 0x2F, 0x63, 0x65,
    0x72, 0x74, 0x69, 0x66, 0x69, 0x63, 0x61, 0x74, 0x69, 0x43, 0x53, 0x43, 0x41, 0x2F, 0x43, 0x52,
    0x4C, 0x5F, 0x43, 0x53, 0x43, 0x41, 0x2E, 0x63, 0x72, 0x6C, 0x30, 0x1D, 0x06, 0x03, 0x55, 0x1D,
    0x0E, 0x04, 0x16, 0x04, 0x14, 0xE9, 0x4A, 0x91, 0x19, 0x70, 0x72, 0xCD, 0x25, 0x69, 0x51, 0x79,
    0x0E, 0x6C, 0xFE, 0x23, 0x86, 0xED, 0xB0, 0x9D, 0x6E, 0x30, 0x2B, 0x06, 0x03, 0x55, 0x1D, 0x10,
    0x04, 0x24, 0x30, 0x22, 0x80, 0x0F, 0x32, 0x30, 0x32, 0x34, 0x30, 0x34, 0x31, 0x37, 0x30, 0x39,
    0x31, 0x33, 0x32, 0x32, 0x5A, 0x81, 0x0F, 0x32, 0x30, 0x32, 0x38, 0x30, 0x34, 0x31, 0x36, 0x30,
    0x39, 0x31, 0x33, 0x32, 0x32, 0x5A, 0x30, 0x0E, 0x06, 0x03, 0x55, 0x1D, 0x0F, 0x01, 0x01, 0xFF,
    0x04, 0x04, 0x03, 0x02, 0x01, 0x06, 0x30, 0x41, 0x06, 0x09, 0x2A, 0x86, 0x48, 0x86, 0xF7, 0x0D,
    0x01, 0x01, 0x0A, 0x30, 0x34, 0xA0, 0x0F, 0x30, 0x0D, 0x06, 0x09, 0x60, 0x86, 0x48, 0x01, 0x65,
    0x03, 0x04, 0x02, 0x03, 0x05, 0x00, 0xA1, 0x1C, 0x30, 0x1A, 0x06, 0x09, 0x2A, 0x86, 0x48, 0x86,
    0xF7, 0x0D, 0x01, 0x01, 0x08, 0x30, 0x0D, 0x06, 0x09, 0x60, 0x86, 0x48, 0x01, 0x65, 0x03, 0x04,
    0x02, 0x03, 0x05, 0x00, 0xA2, 0x03, 0x02, 0x01, 0x40, 0x03, 0x82, 0x02, 0x01, 0x00, 0x84, 0xF2,
    0x22, 0xF7, 0x03, 0x0D, 0x34, 0xC4, 0xEB, 0xFE, 0x0B, 0x23, 0xEE, 0xEB, 0xA0, 0x3E, 0x91, 0x7E,
    0x1E, 0xD0, 0x74, 0x3C, 0x74, 0x02, 0x68, 0x12, 0xE7, 0x6C, 0x35, 0x26, 0xEE, 0xF6, 0x56, 0x83,
    0x79, 0x6D, 0x8F, 0xF3, 0xB6, 0xBC, 0xCD, 0x96, 0x98, 0x04, 0x62, 0x8C, 0x32, 0xDA, 0x69, 0x41,
    0xFC, 0xBB, 0xCE, 0x84, 0xB5, 0x61, 0x60, 0x04, 0x9E, 0x8A, 0x5B, 0x6B, 0x1F, 0xC1, 0xF5, 0x04,
    0xA6, 0x35, 0x3B, 0xFC, 0x02, 0x52, 0x91, 0x6D, 0xAD, 0x6C, 0xCD, 0x08, 0x4E, 0x07, 0x3D, 0x0C,
    0x6D, 0x71, 0x63, 0xCE, 0x36, 0x93, 0xC4, 0x91, 0xB8, 0xAB, 0xDB, 0xD9, 0x24, 0x84, 0x8C, 0x8F,
    0xB8, 0xF6, 0xCD, 0x81, 0xDB, 0xA3, 0xAE, 0xDB, 0x69, 0x37, 0xF3, 0x60, 0xCF, 0x50, 0x21, 0x07,
    0x28, 0xB9, 0x6A, 0xF3, 0xA7, 0x7D, 0xF1, 0x75, 0x0B, 0xCA, 0xDA, 0x91, 0x38, 0x50, 0xF5, 0x04,
    0x36, 0xA8, 0x08, 0x52, 0xD1, 0x57, 0x36, 0x71, 0x23, 0x04, 0x65, 0x09, 0xB1, 0x44, 0x18, 0xFA,
    0xA4, 0xA7, 0xF5, 0x77, 0x63, 0x3F, 0xFC, 0x1C, 0x82, 0xE1, 0xB3, 0xFC, 0xAE, 0xDE, 0x0E, 0x6F,
    0x92, 0xB4, 0x78, 0x65, 0xB5, 0xA7, 0xE4, 0x8F, 0x29, 0x52, 0xFC, 0x6D, 0x76, 0x7C, 0x3F, 0x58,
    0x03, 0xA8, 0xEB, 0xF2, 0x67, 0xE7, 0x3A, 0xC5, 0x47, 0xE3, 0x8A, 0x02, 0x49, 0x11, 0x28, 0xD5,
    0xF6, 0xBC, 0x54, 0x6F, 0x44, 0x86, 0x66, 0x92, 0x35, 0x58, 0x01, 0xD6, 0xBD, 0x12, 0xD4, 0x70,
    0xD1, 0xB4, 0xF8, 0x91, 0x06, 0xF8, 0x0E, 0x0E, 0x4E, 0xB4, 0x96, 0x3B, 0x39, 0xF0, 0x8E, 0x1A,
    0x9A, 0xE0, 0x0B, 0x82, 0x61, 0xB5, 0x3C, 0x3D, 0x18, 0xD7, 0xC7, 0x06, 0x60, 0xBD, 0xC4, 0x34,
    0xA9, 0x9E, 0x04, 0x8C, 0x6A, 0x4B, 0x11, 0x68, 0x11, 0xF2, 0xB6, 0xF5, 0x90, 0xCF, 0x56, 0x4C,
    0xF2, 0xFE, 0x66, 0xCB, 0x51, 0x41, 0x77, 0x63, 0x6B, 0x6D, 0xDF, 0x32, 0xBC, 0xF5, 0xB0, 0xF3,
    0x78, 0x1F, 0x71, 0xDC, 0xA3, 0x51, 0x52, 0x64, 0xB6, 0x3D, 0x09, 0x66, 0x02, 0x1F, 0xEF, 0x3F,
    0xDF, 0x2F, 0x2A, 0xCD, 0x30, 0xC8, 0x13, 0xAF, 0x54, 0xC0, 0x55, 0xB4, 0xB8, 0xEF, 0x31, 0xB5,
    0xCA, 0x8E, 0xF3, 0xE7, 0xE6, 0x30, 0xA7, 0x2C, 0xDA, 0x36, 0x77, 0x6F, 0x18, 0x6F, 0x89, 0xCD,
    0x53, 0x19, 0xE3, 0x85, 0x9C, 0x35, 0x94, 0xF5, 0xA0, 0x2C, 0xB2, 0x6A, 0x75, 0x5B, 0x97, 0x2C,
    0x74, 0xD2, 0xA8, 0xE0, 0x4B, 0x69, 0xCD, 0x5F, 0x58, 0x65, 0x11, 0x6A, 0x9B, 0x83, 0xED, 0x35,
    0x1A, 0xD8, 0x20, 0x6C, 0x80, 0x68, 0x5D, 0xB1, 0x84, 0x7C, 0x9C, 0x17, 0x7C, 0x85, 0xEF, 0xA8,
    0xE3, 0xEE, 0x36, 0x09, 0x17, 0x56, 0x48, 0x9A, 0xC1, 0x93, 0x7B, 0x18, 0x7F, 0xF2, 0x64, 0x03,
    0xC1, 0x56, 0xC9, 0x16, 0x9A, 0x13, 0xED, 0xB0, 0xCC, 0x62, 0x4D, 0xC6, 0xE2, 0x59, 0x97, 0x97,
    0x6A, 0x91, 0x21, 0xB5, 0x46, 0x89, 0x78, 0xD6, 0xF3, 0xDC, 0x10, 0x5B, 0xF3, 0x90, 0xF9, 0x72,
    0xA3, 0xF1, 0x20, 0x12, 0xB1, 0x5D, 0x9B, 0x6F, 0x0B, 0x76, 0x4F, 0x35, 0x7D, 0xD0, 0xBF, 0xC9,
    0x86, 0x57, 0x7E, 0xF7, 0x41, 0x9B, 0x68, 0xA5, 0xA5, 0x66, 0xB0, 0x02, 0x91, 0x0D, 0x62, 0xFC,
    0xB1, 0x85, 0xC6, 0x5C, 0xC1, 0x33, 0x18, 0xA9, 0xCF, 0xB7, 0xFF, 0x57, 0x52, 0xE4, 0x27, 0xFD,
    0x6F, 0x44, 0x85, 0x51, 0x2A, 0xC1, 0xF8, 0xE3, 0x8E, 0x91, 0xF7, 0x41, 0x75, 0x39, 0xAA, 0xD1,
    0xD5, 0x90, 0x4C, 0xCF, 0x47, 0xED, 0xA9, 0x1D, 0x74, 0xD4, 0x97, 0x02, 0x83, 0x8D, 0x9D, 0xAE,
    0x58, 0x96, 0x0F, 0x2B, 0x2A, 0x28, 0xE8, 0x23, 0x8E, 0x0E, 0x19, 0x1F, 0xE8, 0x12
};

const unsigned char EmbeddedTestCSCA_1[] = {
	0x30, 0x82, 0x07, 0xa6, 0x30, 0x82, 0x05, 0x5a, 0xa0, 0x03, 0x02, 0x01, 0x02, 0x02, 0x08, 0x5e,
  0xcb, 0xb2, 0x90, 0xb6, 0xf4, 0x46, 0x7c, 0x30, 0x41, 0x06, 0x09, 0x2a, 0x86, 0x48, 0x86, 0xf7,
  0x0d, 0x01, 0x01, 0x0a, 0x30, 0x34, 0xa0, 0x0f, 0x30, 0x0d, 0x06, 0x09, 0x60, 0x86, 0x48, 0x01,
  0x65, 0x03, 0x04, 0x02, 0x03, 0x05, 0x00, 0xa1, 0x1c, 0x30, 0x1a, 0x06, 0x09, 0x2a, 0x86, 0x48,
  0x86, 0xf7, 0x0d, 0x01, 0x01, 0x08, 0x30, 0x0d, 0x06, 0x09, 0x60, 0x86, 0x48, 0x01, 0x65, 0x03,
  0x04, 0x02, 0x03, 0x05, 0x00, 0xa2, 0x03, 0x02, 0x01, 0x40, 0x30, 0x81, 0x97, 0x31, 0x29, 0x30,
  0x27, 0x06, 0x03, 0x55, 0x04, 0x03, 0x13, 0x20, 0x49, 0x74, 0x61, 0x6c, 0x69, 0x61, 0x6e, 0x20,
  0x43, 0x6f, 0x75, 0x6e, 0x74, 0x72, 0x79, 0x20, 0x53, 0x69, 0x67, 0x6e, 0x65, 0x72, 0x20, 0x43,
  0x41, 0x20, 0x2d, 0x20, 0x54, 0x45, 0x53, 0x54, 0x31, 0x3e, 0x30, 0x3c, 0x06, 0x03, 0x55, 0x04,
  0x0b, 0x13, 0x35, 0x4e, 0x61, 0x74, 0x69, 0x6f, 0x6e, 0x61, 0x6c, 0x20, 0x45, 0x6c, 0x65, 0x63,
  0x74, 0x72, 0x6f, 0x6e, 0x69, 0x63, 0x20, 0x43, 0x65, 0x6e, 0x74, 0x65, 0x72, 0x20, 0x6f, 0x66,
  0x20, 0x49, 0x74, 0x61, 0x6c, 0x69, 0x61, 0x6e, 0x20, 0x4e, 0x61, 0x74, 0x69, 0x6f, 0x6e, 0x61,
  0x6c, 0x20, 0x50, 0x6f, 0x6c, 0x69, 0x63, 0x65, 0x31, 0x1d, 0x30, 0x1b, 0x06, 0x03, 0x55, 0x04,
  0x0a, 0x13, 0x14, 0x4d, 0x69, 0x6e, 0x69, 0x73, 0x74, 0x72, 0x79, 0x20, 0x6f, 0x66, 0x20, 0x49,
  0x6e, 0x74, 0x65, 0x72, 0x69, 0x6f, 0x72, 0x31, 0x0b, 0x30, 0x09, 0x06, 0x03, 0x55, 0x04, 0x06,
  0x13, 0x02, 0x49, 0x54, 0x30, 0x1e, 0x17, 0x0d, 0x32, 0x30, 0x30, 0x33, 0x33, 0x31, 0x30, 0x39,
  0x33, 0x30, 0x35, 0x38, 0x5a, 0x17, 0x0d, 0x33, 0x35, 0x30, 0x36, 0x32, 0x36, 0x30, 0x39, 0x33,
  0x30, 0x35, 0x38, 0x5a, 0x30, 0x81, 0x97, 0x31, 0x29, 0x30, 0x27, 0x06, 0x03, 0x55, 0x04, 0x03,
  0x13, 0x20, 0x49, 0x74, 0x61, 0x6c, 0x69, 0x61, 0x6e, 0x20, 0x43, 0x6f, 0x75, 0x6e, 0x74, 0x72,
  0x79, 0x20, 0x53, 0x69, 0x67, 0x6e, 0x65, 0x72, 0x20, 0x43, 0x41, 0x20, 0x2d, 0x20, 0x54, 0x45,
  0x53, 0x54, 0x31, 0x3e, 0x30, 0x3c, 0x06, 0x03, 0x55, 0x04, 0x0b, 0x13, 0x35, 0x4e, 0x61, 0x74,
  0x69, 0x6f, 0x6e, 0x61, 0x6c, 0x20, 0x45, 0x6c, 0x65, 0x63, 0x74, 0x72, 0x6f, 0x6e, 0x69, 0x63,
  0x20, 0x43, 0x65, 0x6e, 0x74, 0x65, 0x72, 0x20, 0x6f, 0x66, 0x20, 0x49, 0x74, 0x61, 0x6c, 0x69,
  0x61, 0x6e, 0x20, 0x4e, 0x61, 0x74, 0x69, 0x6f, 0x6e, 0x61, 0x6c, 0x20, 0x50, 0x6f, 0x6c, 0x69,
  0x63, 0x65, 0x31, 0x1d, 0x30, 0x1b, 0x06, 0x03, 0x55, 0x04, 0x0a, 0x13, 0x14, 0x4d, 0x69, 0x6e,
  0x69, 0x73, 0x74, 0x72, 0x79, 0x20, 0x6f, 0x66, 0x20, 0x49, 0x6e, 0x74, 0x65, 0x72, 0x69, 0x6f,
  0x72, 0x31, 0x0b, 0x30, 0x09, 0x06, 0x03, 0x55, 0x04, 0x06, 0x13, 0x02, 0x49, 0x54, 0x30, 0x82,
  0x02, 0x22, 0x30, 0x0d, 0x06, 0x09, 0x2a, 0x86, 0x48, 0x86, 0xf7, 0x0d, 0x01, 0x01, 0x01, 0x05,
  0x00, 0x03, 0x82, 0x02, 0x0f, 0x00, 0x30, 0x82, 0x02, 0x0a, 0x02, 0x82, 0x02, 0x01, 0x00, 0xb7,
  0xcd, 0xc1, 0xc4, 0xb8, 0xd9, 0x9e, 0x09, 0x64, 0x78, 0x6b, 0x9b, 0xfd, 0x2c, 0x56, 0xe0, 0x76,
  0xb2, 0x14, 0xfb, 0xaa, 0xc9, 0xa5, 0x72, 0x17, 0xd4, 0x33, 0x83, 0x15, 0x09, 0xb4, 0xb9, 0x53,
  0x90, 0x90, 0x71, 0xc7, 0x7a, 0x96, 0x09, 0x54, 0xba, 0x78, 0x6d, 0xcf, 0x64, 0xd7, 0x6a, 0x8d,
  0xf2, 0x80, 0x1a, 0x30, 0x65, 0x83, 0x9a, 0x55, 0x09, 0x01, 0xdd, 0xb2, 0xa1, 0x1f, 0x6b, 0xe0,
  0x23, 0x53, 0xb5, 0x8f, 0x11, 0x76, 0x26, 0x23, 0xaf, 0xc6, 0xa6, 0x7d, 0xb6, 0x4a, 0x32, 0x59,
  0xee, 0x63, 0x0f, 0xb1, 0x07, 0x83, 0x55, 0xd9, 0x3e, 0x5b, 0x49, 0x58, 0xcd, 0xf7, 0xdb, 0x61,
  0xf8, 0xdc, 0xae, 0x9e, 0x6f, 0x8f, 0x71, 0xb7, 0x63, 0x43, 0xa8, 0xd4, 0x3b, 0x55, 0xe0, 0x5b,
  0xd8, 0xbb, 0xab, 0xd8, 0xe8, 0xc6, 0x2f, 0xa1, 0x2e, 0xde, 0x93, 0x49, 0x10, 0x49, 0xe3, 0xaf,
  0x13, 0x73, 0xad, 0xb0, 0x4b, 0xb0, 0xd7, 0xd6, 0xba, 0xb4, 0xcd, 0xa0, 0x50, 0xaf, 0x9d, 0x35,
  0xb0, 0x72, 0xd9, 0xc5, 0x44, 0x3e, 0x99, 0x85, 0xf9, 0xe5, 0x2d, 0x4f, 0x82, 0xbd, 0x13, 0x98,
  0x30, 0x0e, 0x55, 0x5c, 0x5d, 0xec, 0x31, 0x13, 0x07, 0x66, 0xdb, 0x5d, 0xf4, 0x85, 0x89, 0x45,
  0xc4, 0xfc, 0xd8, 0x18, 0x03, 0xc4, 0x2b, 0x17, 0x93, 0xb7, 0x30, 0x8c, 0x21, 0x12, 0x6a, 0x42,
  0xe6, 0x98, 0x75, 0xca, 0xe8, 0x97, 0x71, 0x3c, 0x7f, 0x87, 0xba, 0xb7, 0xf8, 0x22, 0x70, 0x4f,
  0x8d, 0xd1, 0x65, 0x13, 0xa3, 0xc5, 0x72, 0x44, 0x3a, 0x5a, 0x9e, 0xfa, 0x9a, 0x87, 0x56, 0x43,
  0xc8, 0x9a, 0x3b, 0x4d, 0xcd, 0xd1, 0xa9, 0x8f, 0xcb, 0xa9, 0x18, 0x04, 0x6a, 0xad, 0x35, 0x59,
  0x44, 0x1f, 0xad, 0x2a, 0x99, 0xa1, 0x3d, 0x34, 0xc1, 0x8c, 0xf5, 0xe0, 0x25, 0x8b, 0x4c, 0x72,
  0xd7, 0xc0, 0x5a, 0xe8, 0x75, 0xac, 0xe9, 0x47, 0xed, 0x72, 0xc7, 0xb5, 0xda, 0xd3, 0x67, 0x67,
  0x4b, 0x57, 0x2c, 0x52, 0xa6, 0xf2, 0x6a, 0x0e, 0xae, 0xd4, 0xe5, 0x47, 0xac, 0xb2, 0xac, 0xce,
  0xa0, 0x1b, 0xf4, 0x1c, 0x3c, 0xab, 0x2f, 0x7c, 0x45, 0x43, 0x0d, 0x99, 0x68, 0x32, 0x30, 0xec,
  0xed, 0x13, 0xea, 0x56, 0x2f, 0x9f, 0xda, 0xf2, 0x50, 0xaf, 0x55, 0x53, 0x7b, 0xe9, 0x72, 0xfd,
  0xe8, 0x8d, 0xc8, 0x00, 0x91, 0x78, 0x3f, 0x37, 0xf9, 0xa5, 0x30, 0x23, 0x95, 0xba, 0x34, 0x83,
  0xbf, 0xcd, 0xdb, 0x15, 0xf4, 0xfc, 0x77, 0x52, 0xfa, 0xb1, 0x44, 0x87, 0xd1, 0x08, 0x1b, 0x1d,
  0x5c, 0xf0, 0xc0, 0x43, 0xa6, 0xd8, 0xb1, 0xf5, 0x4b, 0x31, 0x7c, 0xe9, 0x3d, 0x2b, 0xd2, 0xae,
  0xa1, 0x5c, 0x05, 0xcf, 0xfe, 0x40, 0xfe, 0xc2, 0x1f, 0x87, 0x77, 0x2c, 0x85, 0x9b, 0xe4, 0xf4,
  0x45, 0xac, 0x41, 0x3b, 0xa9, 0x20, 0x67, 0x46, 0x95, 0xc4, 0x96, 0x21, 0x50, 0xbd, 0x99, 0x3c,
  0x78, 0x83, 0x8d, 0x9b, 0xf4, 0xe1, 0x20, 0x9f, 0xa4, 0x51, 0xb0, 0xf0, 0xe6, 0x85, 0x47, 0x27,
  0xfd, 0x0e, 0xad, 0xe1, 0x3b, 0x48, 0x5f, 0x17, 0x6c, 0x1e, 0x56, 0xa4, 0x43, 0xb0, 0xbd, 0xa4,
  0x07, 0x24, 0xcb, 0xcc, 0x5f, 0x93, 0xd4, 0xf9, 0xd3, 0x3d, 0x7a, 0x86, 0xbe, 0xfc, 0xc0, 0x84,
  0x3e, 0xcf, 0xf6, 0xdd, 0x6a, 0x4e, 0x3f, 0xa4, 0xc2, 0x2a, 0x3d, 0xa9, 0xab, 0x5d, 0x45, 0x5e,
  0x21, 0xc0, 0x22, 0x1e, 0xa7, 0x6a, 0x67, 0xc6, 0xa4, 0x03, 0x39, 0xe9, 0xa5, 0x99, 0xe0, 0x63,
  0xe6, 0x22, 0xc8, 0x16, 0x3c, 0xa8, 0x79, 0x86, 0xb5, 0xb6, 0x68, 0x3e, 0x49, 0xfb, 0xb8, 0x82,
  0xd8, 0xea, 0x9a, 0xa8, 0x0c, 0x19, 0x53, 0x47, 0x40, 0xae, 0x04, 0xbd, 0x94, 0xe2, 0xa7, 0x02,
  0x03, 0x01, 0x00, 0x01, 0xa3, 0x82, 0x01, 0x8a, 0x30, 0x82, 0x01, 0x86, 0x30, 0x12, 0x06, 0x03,
  0x55, 0x1d, 0x13, 0x01, 0x01, 0xff, 0x04, 0x08, 0x30, 0x06, 0x01, 0x01, 0xff, 0x02, 0x01, 0x00,
  0x30, 0x1f, 0x06, 0x03, 0x55, 0x1d, 0x23, 0x04, 0x18, 0x30, 0x16, 0x80, 0x14, 0x72, 0x17, 0x22,
  0x4a, 0xdd, 0x80, 0x2e, 0x2b, 0x80, 0xa2, 0xf7, 0xd8, 0x39, 0xa2, 0x21, 0x11, 0x30, 0xb5, 0x67,
  0xbf, 0x30, 0x51, 0x06, 0x03, 0x55, 0x1d, 0x12, 0x04, 0x4a, 0x30, 0x48, 0x81, 0x13, 0x73, 0x70,
  0x6f, 0x63, 0x2d, 0x69, 0x74, 0x61, 0x40, 0x69, 0x6e, 0x74, 0x65, 0x72, 0x6e, 0x6f, 0x2e, 0x69,
  0x74, 0xa4, 0x10, 0x30, 0x0e, 0x31, 0x0c, 0x30, 0x0a, 0x06, 0x03, 0x55, 0x04, 0x07, 0x0c, 0x03,
  0x49, 0x54, 0x41, 0x86, 0x1f, 0x68, 0x74, 0x74, 0x70, 0x3a, 0x2f, 0x2f, 0x63, 0x73, 0x63, 0x61,
  0x2d, 0x69, 0x74, 0x61, 0x2e, 0x69, 0x6e, 0x74, 0x65, 0x72, 0x6e, 0x6f, 0x2e, 0x67, 0x6f, 0x76,
  0x2e, 0x69, 0x74, 0x2f, 0x30, 0x51, 0x06, 0x03, 0x55, 0x1d, 0x11, 0x04, 0x4a, 0x30, 0x48, 0x81,
  0x13, 0x73, 0x70, 0x6f, 0x63, 0x2d, 0x69, 0x74, 0x61, 0x40, 0x69, 0x6e, 0x74, 0x65, 0x72, 0x6e,
  0x6f, 0x2e, 0x69, 0x74, 0xa4, 0x10, 0x30, 0x0e, 0x31, 0x0c, 0x30, 0x0a, 0x06, 0x03, 0x55, 0x04,
  0x07, 0x0c, 0x03, 0x49, 0x54, 0x41, 0x86, 0x1f, 0x68, 0x74, 0x74, 0x70, 0x3a, 0x2f, 0x2f, 0x63,
  0x73, 0x63, 0x61, 0x2d, 0x69, 0x74, 0x61, 0x2e, 0x69, 0x6e, 0x74, 0x65, 0x72, 0x6e, 0x6f, 0x2e,
  0x67, 0x6f, 0x76, 0x2e, 0x69, 0x74, 0x2f, 0x30, 0x4d, 0x06, 0x03, 0x55, 0x1d, 0x1f, 0x04, 0x46,
  0x30, 0x44, 0x30, 0x42, 0xa0, 0x40, 0xa0, 0x3e, 0x86, 0x3c, 0x68, 0x74, 0x74, 0x70, 0x73, 0x3a,
  0x2f, 0x2f, 0x63, 0x73, 0x63, 0x61, 0x2d, 0x69, 0x74, 0x61, 0x2e, 0x69, 0x6e, 0x74, 0x65, 0x72,
  0x6e, 0x6f, 0x2e, 0x67, 0x6f, 0x76, 0x2e, 0x69, 0x74, 0x2f, 0x63, 0x65, 0x72, 0x74, 0x69, 0x66,
  0x69, 0x63, 0x61, 0x74, 0x69, 0x43, 0x53, 0x43, 0x41, 0x2f, 0x43, 0x52, 0x4c, 0x5f, 0x43, 0x53,
  0x43, 0x41, 0x2e, 0x63, 0x72, 0x6c, 0x30, 0x1d, 0x06, 0x03, 0x55, 0x1d, 0x0e, 0x04, 0x16, 0x04,
  0x14, 0x72, 0x17, 0x22, 0x4a, 0xdd, 0x80, 0x2e, 0x2b, 0x80, 0xa2, 0xf7, 0xd8, 0x39, 0xa2, 0x21,
  0x11, 0x30, 0xb5, 0x67, 0xbf, 0x30, 0x2b, 0x06, 0x03, 0x55, 0x1d, 0x10, 0x04, 0x24, 0x30, 0x22,
  0x80, 0x0f, 0x32, 0x30, 0x32, 0x30, 0x30, 0x33, 0x33, 0x31, 0x30, 0x39, 0x33, 0x30, 0x35, 0x38,
  0x5a, 0x81, 0x0f, 0x32, 0x30, 0x32, 0x34, 0x30, 0x33, 0x33, 0x30, 0x30, 0x39, 0x33, 0x30, 0x35,
  0x38, 0x5a, 0x30, 0x0e, 0x06, 0x03, 0x55, 0x1d, 0x0f, 0x01, 0x01, 0xff, 0x04, 0x04, 0x03, 0x02,
  0x01, 0x06, 0x30, 0x41, 0x06, 0x09, 0x2a, 0x86, 0x48, 0x86, 0xf7, 0x0d, 0x01, 0x01, 0x0a, 0x30,
  0x34, 0xa0, 0x0f, 0x30, 0x0d, 0x06, 0x09, 0x60, 0x86, 0x48, 0x01, 0x65, 0x03, 0x04, 0x02, 0x03,
  0x05, 0x00, 0xa1, 0x1c, 0x30, 0x1a, 0x06, 0x09, 0x2a, 0x86, 0x48, 0x86, 0xf7, 0x0d, 0x01, 0x01,
  0x08, 0x30, 0x0d, 0x06, 0x09, 0x60, 0x86, 0x48, 0x01, 0x65, 0x03, 0x04, 0x02, 0x03, 0x05, 0x00,
  0xa2, 0x03, 0x02, 0x01, 0x40, 0x03, 0x82, 0x02, 0x01, 0x00, 0x9d, 0x38, 0xf1, 0x2d, 0x42, 0xdd,
  0xb1, 0x7f, 0x46, 0x74, 0x50, 0x9e, 0xd2, 0x07, 0xab, 0x96, 0x19, 0x12, 0xa8, 0x84, 0xa9, 0x47,
  0xae, 0xd5, 0xed, 0x7c, 0xae, 0xc5, 0x84, 0x7c, 0x04, 0xc8, 0xf1, 0xdb, 0x42, 0x8c, 0xf9, 0x3d,
  0xa1, 0xd5, 0x09, 0x23, 0xe1, 0x33, 0x1b, 0x66, 0x2f, 0xe8, 0x48, 0x8c, 0xc1, 0x72, 0xc8, 0x59,
  0xc9, 0x38, 0x6e, 0xca, 0xc0, 0x5c, 0xa9, 0x43, 0x69, 0x10, 0x28, 0xf6, 0x8b, 0xf4, 0xfb, 0xc5,
  0xff, 0x30, 0x0d, 0x8b, 0xad, 0x10, 0x71, 0x1c, 0xca, 0x08, 0xc7, 0xa8, 0x8a, 0x25, 0x14, 0x03,
  0x3a, 0xcf, 0xd1, 0x03, 0x68, 0x5f, 0xf6, 0xae, 0x80, 0xdf, 0xbb, 0x49, 0x42, 0x16, 0xda, 0xd0,
  0x56, 0x61, 0xb1, 0xd8, 0xfe, 0xb9, 0x08, 0x56, 0x3f, 0xe9, 0x7b, 0x27, 0x9d, 0x6b, 0x19, 0x26,
  0x74, 0xc6, 0xfd, 0x74, 0xf4, 0xbb, 0x70, 0x71, 0x77, 0x2b, 0x41, 0x14, 0x14, 0x13, 0xd3, 0x49,
  0xce, 0x6d, 0x34, 0x5b, 0x61, 0x24, 0x37, 0x56, 0x51, 0x6a, 0x43, 0x8a, 0xad, 0x94, 0x7c, 0x8e,
  0xe7, 0x68, 0xb5, 0x1c, 0xfe, 0x5f, 0x74, 0x2e, 0xd5, 0x6c, 0x5b, 0xf0, 0x55, 0x31, 0x1f, 0x5f,
  0x7a, 0x62, 0xf3, 0x0a, 0x2b, 0x44, 0x83, 0x5e, 0x85, 0x8c, 0x14, 0xa7, 0x91, 0xc2, 0x55, 0x16,
  0x23, 0x41, 0xed, 0x93, 0x66, 0xea, 0x06, 0xdb, 0x90, 0x0e, 0xcf, 0x82, 0xcc, 0x2d, 0x2b, 0xaf,
  0x82, 0xf5, 0x7b, 0xb4, 0xf9, 0xd4, 0xfb, 0xb5, 0x8d, 0x27, 0x69, 0xcf, 0xe8, 0x07, 0xd9, 0xc6,
  0x6c, 0xb1, 0x95, 0x03, 0xe7, 0x7a, 0x27, 0x91, 0x8e, 0x7d, 0x33, 0x9e, 0xa1, 0x92, 0x0a, 0xe6,
  0x18, 0xfe, 0xb6, 0x49, 0x82, 0xf9, 0x7e, 0xfd, 0xda, 0x78, 0xb3, 0xd0, 0x5d, 0xfe, 0x7d, 0xf7,
  0xa1, 0xa7, 0x22, 0x9b, 0xfe, 0x74, 0x95, 0x06, 0x78, 0x28, 0x00, 0x7e, 0xda, 0xce, 0x8b, 0xc1,
  0x95, 0x4f, 0x3e, 0x2e, 0xe2, 0x20, 0xc2, 0xa4, 0xe3, 0x9f, 0x55, 0x9c, 0x10, 0x2d, 0x3f, 0x2b,
  0x1b, 0x00, 0x7c, 0x39, 0x4d, 0xb4, 0xce, 0x3c, 0x19, 0x7d, 0x9c, 0xa7, 0x4f, 0xb7, 0x6d, 0x93,
  0x11, 0x10, 0x36, 0xcc, 0xb2, 0xae, 0x11, 0xfb, 0x41, 0x22, 0xe4, 0xe2, 0xbe, 0xd9, 0x75, 0xe4,
  0x91, 0x92, 0x47, 0xd1, 0xd6, 0x52, 0x98, 0x7b, 0xb4, 0xc2, 0xc8, 0xa4, 0x5d, 0xab, 0x78, 0x48,
  0x21, 0xe6, 0x0f, 0x8a, 0x55, 0x42, 0x67, 0xe0, 0x8b, 0x9f, 0x26, 0x66, 0xeb, 0xf5, 0x4a, 0xa4,
  0x87, 0xf5, 0x7b, 0x67, 0xe0, 0x04, 0x37, 0xe4, 0xbd, 0xc0, 0xf0, 0xdc, 0x9e, 0xb4, 0x3c, 0x40,
  0xb9, 0x15, 0xda, 0x7c, 0x82, 0xce, 0x80, 0xc5, 0xb6, 0x22, 0xc6, 0x75, 0x29, 0x7b, 0x6d, 0x66,
  0xb0, 0x5b, 0x22, 0x8f, 0x7a, 0x32, 0xda, 0x48, 0x5c, 0x24, 0x73, 0x09, 0x22, 0xe2, 0x23, 0x34,
  0xcd, 0x4b, 0xbd, 0xa6, 0x5f, 0x39, 0x17, 0xd4, 0xad, 0x21, 0x2c, 0x5e, 0xa5, 0xb4, 0x08, 0x63,
  0xfc, 0xbd, 0x98, 0x9c, 0xf8, 0x46, 0x9c, 0x51, 0x40, 0x61, 0xdf, 0x47, 0x62, 0x9b, 0xce, 0x6c,
  0x5d, 0x31, 0x4f, 0x39, 0xde, 0x08, 0x52, 0x04, 0x7f, 0x7d, 0xee, 0xd1, 0x2d, 0xe5, 0x6d, 0x3c,
  0x01, 0xe5, 0x35, 0x33, 0x07, 0xf3, 0xc3, 0xf2, 0x32, 0xb2, 0x75, 0x2b, 0x6e, 0x03, 0xd1, 0x1d,
  0x2d, 0x7d, 0x7c, 0xb6, 0xaf, 0x57, 0x91, 0x1b, 0x7e, 0x17, 0x5d, 0x26, 0xad, 0x09, 0x9d, 0xa5,
  0xca, 0xf5, 0x30, 0x8a, 0x41, 0x53, 0x29, 0x36, 0x60, 0x61, 0x2d, 0xf6, 0x05, 0x35, 0x64, 0xd3,
  0xd0, 0x23, 0x25, 0x31, 0xcb, 0xbc, 0x53, 0x86, 0x00, 0xa8, 0x4f, 0x03, 0x3f, 0x45, 0x95, 0x5b,
  0x2b, 0x83, 0xf7, 0x7e, 0x99, 0xd1, 0xf9, 0x1a, 0x63, 0x38
};

const unsigned char EmbeddedTestCSCA_2[] = {
	0x30, 0x82, 0x05, 0xa4, 0x30, 0x82, 0x03, 0x8c, 0xa0, 0x03, 0x02, 0x01, 0x02, 0x02, 0x01, 0x01,
  0x30, 0x0d, 0x06, 0x09, 0x2a, 0x86, 0x48, 0x86, 0xf7, 0x0d, 0x01, 0x01, 0x05, 0x05, 0x00, 0x30,
  0x60, 0x31, 0x0b, 0x30, 0x09, 0x06, 0x03, 0x55, 0x04, 0x06, 0x13, 0x02, 0x49, 0x54, 0x31, 0x1f,
  0x30, 0x1d, 0x06, 0x03, 0x55, 0x04, 0x0a, 0x0c, 0x16, 0x4d, 0x49, 0x4e, 0x49, 0x53, 0x54, 0x45,
  0x52, 0x4f, 0x20, 0x44, 0x45, 0x4c, 0x4c, 0x20, 0x49, 0x4e, 0x54, 0x45, 0x52, 0x4e, 0x4f, 0x31,
  0x0b, 0x30, 0x09, 0x06, 0x03, 0x55, 0x04, 0x0b, 0x0c, 0x02, 0x50, 0x45, 0x31, 0x23, 0x30, 0x21,
  0x06, 0x03, 0x55, 0x04, 0x03, 0x0c, 0x1a, 0x43, 0x45, 0x52, 0x54, 0x49, 0x46, 0x49, 0x43, 0x41,
  0x54, 0x49, 0x4f, 0x4e, 0x20, 0x41, 0x55, 0x54, 0x48, 0x4f, 0x52, 0x49, 0x54, 0x59, 0x2e, 0x30,
  0x31, 0x30, 0x1e, 0x17, 0x0d, 0x31, 0x31, 0x31, 0x32, 0x30, 0x39, 0x31, 0x38, 0x33, 0x39, 0x35,
  0x39, 0x5a, 0x17, 0x0d, 0x32, 0x37, 0x30, 0x33, 0x30, 0x35, 0x31, 0x38, 0x33, 0x39, 0x35, 0x39,
  0x5a, 0x30, 0x60, 0x31, 0x0b, 0x30, 0x09, 0x06, 0x03, 0x55, 0x04, 0x06, 0x13, 0x02, 0x49, 0x54,
  0x31, 0x1f, 0x30, 0x1d, 0x06, 0x03, 0x55, 0x04, 0x0a, 0x0c, 0x16, 0x4d, 0x49, 0x4e, 0x49, 0x53,
  0x54, 0x45, 0x52, 0x4f, 0x20, 0x44, 0x45, 0x4c, 0x4c, 0x20, 0x49, 0x4e, 0x54, 0x45, 0x52, 0x4e,
  0x4f, 0x31, 0x0b, 0x30, 0x09, 0x06, 0x03, 0x55, 0x04, 0x0b, 0x0c, 0x02, 0x50, 0x45, 0x31, 0x23,
  0x30, 0x21, 0x06, 0x03, 0x55, 0x04, 0x03, 0x0c, 0x1a, 0x43, 0x45, 0x52, 0x54, 0x49, 0x46, 0x49,
  0x43, 0x41, 0x54, 0x49, 0x4f, 0x4e, 0x20, 0x41, 0x55, 0x54, 0x48, 0x4f, 0x52, 0x49, 0x54, 0x59,
  0x2e, 0x30, 0x31, 0x30, 0x82, 0x02, 0x22, 0x30, 0x0d, 0x06, 0x09, 0x2a, 0x86, 0x48, 0x86, 0xf7,
  0x0d, 0x01, 0x01, 0x01, 0x05, 0x00, 0x03, 0x82, 0x02, 0x0f, 0x00, 0x30, 0x82, 0x02, 0x0a, 0x02,
  0x82, 0x02, 0x01, 0x00, 0x9f, 0x4a, 0x1a, 0x0a, 0x46, 0xd0, 0xa0, 0xba, 0xb7, 0x74, 0x09, 0x7a,
  0x48, 0x40, 0xfd, 0xd5, 0xd0, 0x94, 0x7d, 0x55, 0xad, 0x1f, 0x50, 0xc4, 0x22, 0x05, 0x7f, 0x98,
  0x81, 0x26, 0x3d, 0xba, 0xe6, 0xde, 0x7b, 0xda, 0xec, 0x03, 0x42, 0xd3, 0xa2, 0x24, 0x44, 0x79,
  0xc2, 0xc6, 0xf2, 0xf8, 0x54, 0x5b, 0xeb, 0xfe, 0x30, 0xbb, 0x6f, 0xd2, 0x3c, 0xa6, 0x89, 0x14,
  0x96, 0xcf, 0x3b, 0x70, 0xf7, 0x32, 0x61, 0x50, 0xc9, 0x95, 0x46, 0xa4, 0xe4, 0x94, 0xf7, 0x2a,
  0x94, 0x07, 0x12, 0x06, 0xe5, 0x71, 0xe3, 0x37, 0x7b, 0x07, 0xad, 0x1f, 0xd0, 0x83, 0x5d, 0xbc,
  0x71, 0xd2, 0x6f, 0x56, 0x07, 0x2a, 0xf8, 0x3c, 0xd1, 0x35, 0x2f, 0x39, 0xbb, 0x66, 0xd2, 0xbe,
  0x30, 0x0c, 0x13, 0xa6, 0xce, 0xd0, 0x19, 0x1b, 0xb5, 0xb3, 0x09, 0xbf, 0x7d, 0x70, 0xa6, 0x69,
  0x61, 0x66, 0xdc, 0x08, 0xc1, 0x8d, 0x93, 0x9b, 0xdf, 0xe9, 0x18, 0x35, 0x9f, 0x60, 0x84, 0x09,
  0x81, 0xeb, 0x37, 0x55, 0x70, 0x9e, 0xc5, 0xdf, 0xc7, 0x17, 0x87, 0x78, 0xc1, 0x18, 0xf9, 0x34,
  0x6f, 0xc6, 0xa8, 0xde, 0xaa, 0xbe, 0x78, 0x9e, 0xaa, 0xe6, 0x69, 0x8c, 0x0f, 0x5e, 0x36, 0xb7,
  0xb3, 0xba, 0x52, 0xda, 0xd8, 0xd3, 0xf9, 0x0e, 0xa6, 0xa6, 0x9c, 0xf2, 0xa4, 0xa5, 0xd4, 0x16,
  0xbd, 0x15, 0xa6, 0x1c, 0xcc, 0xbe, 0x6c, 0x75, 0xc3, 0x2d, 0x0f, 0x5b, 0x9a, 0xf7, 0x8b, 0x41,
  0x80, 0xb7, 0xaa, 0x1f, 0x1a, 0x2e, 0x8a, 0xe5, 0xe4, 0x73, 0x8c, 0x64, 0xd0, 0x8d, 0x18, 0x2b,
  0xaf, 0x6c, 0x51, 0xa3, 0xf9, 0xce, 0x7b, 0x83, 0x37, 0x77, 0x51, 0x82, 0x8e, 0xfc, 0x20, 0x13,
  0x22, 0xbc, 0x85, 0x99, 0x7b, 0x07, 0xe2, 0xbb, 0x77, 0x94, 0x3e, 0x1f, 0xba, 0xa8, 0x2d, 0x05,
  0xa2, 0xe2, 0xbf, 0x4e, 0xfe, 0x31, 0x16, 0xf0, 0x5f, 0xc6, 0x66, 0x46, 0x33, 0x62, 0x30, 0xf6,
  0xb6, 0xe9, 0x04, 0x09, 0xbd, 0xa3, 0x98, 0x48, 0x42, 0x73, 0xca, 0x7e, 0x4f, 0x0e, 0x8a, 0x02,
  0xf8, 0xed, 0xe8, 0x4e, 0x57, 0xb2, 0xe3, 0x65, 0x71, 0xa6, 0xc5, 0x10, 0xbf, 0xc9, 0x63, 0xf5,
  0x88, 0xea, 0x1b, 0x27, 0x15, 0x81, 0x61, 0xe0, 0x6d, 0x27, 0x72, 0xf6, 0x32, 0xfc, 0x8c, 0xc0,
  0xdd, 0x71, 0xdd, 0xea, 0x48, 0x12, 0xc3, 0x36, 0x16, 0x05, 0xe7, 0xdd, 0xf5, 0x49, 0xa5, 0x98,
  0x2a, 0x3e, 0x55, 0xc2, 0xe4, 0x78, 0xa7, 0xd9, 0x8c, 0xcd, 0x8d, 0xb6, 0xac, 0xb5, 0xd8, 0xd6,
  0x94, 0x6b, 0x3b, 0x6d, 0x0c, 0x80, 0x26, 0x95, 0xf7, 0x4d, 0x11, 0xc3, 0x3d, 0xed, 0x10, 0xf0,
  0x38, 0x52, 0x39, 0x1e, 0xa9, 0x98, 0x68, 0xcc, 0x40, 0x25, 0x0f, 0x12, 0xed, 0x16, 0xe5, 0x1c,
  0x65, 0xa8, 0x03, 0x68, 0xe0, 0x72, 0xe2, 0x44, 0x01, 0x6d, 0x5a, 0xec, 0xf6, 0x10, 0x85, 0xd5,
  0xa9, 0x6d, 0x72, 0xf2, 0x5f, 0x0d, 0x8a, 0xfe, 0x1c, 0x45, 0xe7, 0xa9, 0x2b, 0xd2, 0x09, 0x87,
  0x56, 0x55, 0x49, 0xf4, 0x4d, 0x72, 0x15, 0xcb, 0xf0, 0x60, 0x41, 0x2c, 0x59, 0xfd, 0xb9, 0xa7,
  0x99, 0x57, 0xa8, 0x4e, 0x24, 0xe6, 0x3b, 0x22, 0x37, 0x37, 0x6b, 0xfb, 0x57, 0xf9, 0x51, 0x14,
  0x55, 0x28, 0xd0, 0x10, 0xc9, 0x02, 0xb8, 0xb1, 0x7e, 0xb1, 0xc4, 0x09, 0x2c, 0x44, 0x2a, 0xa7,
  0xae, 0xfe, 0x1b, 0x2e, 0x51, 0x5b, 0xa6, 0xfd, 0x34, 0x56, 0x73, 0x7a, 0x37, 0x48, 0x67, 0x30,
  0x56, 0xb7, 0x60, 0x7c, 0x3a, 0x36, 0x8f, 0x83, 0x80, 0x32, 0xb9, 0x16, 0x57, 0xb5, 0x80, 0xd1,
  0x5a, 0xa3, 0xa3, 0x11, 0xba, 0x41, 0xa4, 0x85, 0x63, 0x40, 0x8b, 0x9a, 0x2e, 0xda, 0x4f, 0x9e,
  0x5b, 0x64, 0x24, 0x19, 0x02, 0x03, 0x01, 0x00, 0x01, 0xa3, 0x69, 0x30, 0x67, 0x30, 0x12, 0x06,
  0x03, 0x55, 0x1d, 0x13, 0x01, 0x01, 0xff, 0x04, 0x08, 0x30, 0x06, 0x01, 0x01, 0xff, 0x02, 0x01,
  0x00, 0x30, 0x1d, 0x06, 0x03, 0x55, 0x1d, 0x0e, 0x04, 0x16, 0x04, 0x14, 0x5c, 0xea, 0xff, 0xa4,
  0x1d, 0x36, 0xec, 0x7b, 0xd2, 0x07, 0xce, 0x12, 0x6e, 0x8e, 0x52, 0x23, 0xfe, 0x8b, 0xe7, 0x68,
  0x30, 0x22, 0x06, 0x03, 0x55, 0x1d, 0x23, 0x04, 0x1b, 0x30, 0x19, 0x80, 0x14, 0x5c, 0xea, 0xff,
  0xa4, 0x1d, 0x36, 0xec, 0x7b, 0xd2, 0x07, 0xce, 0x12, 0x6e, 0x8e, 0x52, 0x23, 0xfe, 0x8b, 0xe7,
  0x68, 0x82, 0x01, 0x01, 0x30, 0x0e, 0x06, 0x03, 0x55, 0x1d, 0x0f, 0x01, 0x01, 0xff, 0x04, 0x04,
  0x03, 0x02, 0x01, 0x06, 0x30, 0x0d, 0x06, 0x09, 0x2a, 0x86, 0x48, 0x86, 0xf7, 0x0d, 0x01, 0x01,
  0x05, 0x05, 0x00, 0x03, 0x82, 0x02, 0x01, 0x00, 0x4e, 0xf0, 0x9a, 0x60, 0x3c, 0xdc, 0x73, 0x12,
  0xf0, 0x60, 0xfe, 0x12, 0xa6, 0x17, 0x6e, 0xde, 0x7e, 0xc0, 0x21, 0x16, 0xeb, 0xf8, 0xe5, 0xd6,
  0xa0, 0x95, 0x98, 0x0b, 0xa5, 0x35, 0x6b, 0xe9, 0xea, 0x12, 0xa0, 0x55, 0xc9, 0x1c, 0x52, 0x00,
  0xcd, 0x1e, 0xad, 0x0a, 0x1b, 0xdb, 0x33, 0xda, 0xd9, 0x60, 0xdf, 0x84, 0x4a, 0x45, 0x6f, 0x99,
  0xbc, 0x4f, 0xfd, 0xee, 0xad, 0xa7, 0x46, 0xb3, 0x99, 0x1c, 0xee, 0xe0, 0xc7, 0xd7, 0xc0, 0x2a,
  0x48, 0x69, 0x20, 0xf9, 0x26, 0x97, 0xf0, 0x92, 0xe4, 0x5a, 0x35, 0x50, 0x27, 0xbb, 0x54, 0x9c,
  0x25, 0x0a, 0x09, 0x85, 0xbe, 0xb2, 0xdc, 0xe2, 0xc6, 0xb1, 0x78, 0x50, 0xec, 0xa2, 0xb1, 0xe3,
  0x1e, 0x06, 0xba, 0xf5, 0x69, 0x03, 0x11, 0x9c, 0x6d, 0x1b, 0x7d, 0xa9, 0xf1, 0x46, 0x45, 0xff,
  0x29, 0xb2, 0x3b, 0x19, 0x0e, 0x4f, 0x3b, 0x51, 0x31, 0x0e, 0xc9, 0x4c, 0x63, 0x81, 0x83, 0x0f,
  0xca, 0x65, 0x51, 0xe9, 0x0a, 0xc0, 0x0a, 0x24, 0x29, 0x80, 0xd8, 0xe8, 0xfb, 0xc0, 0xa5, 0xc7,
  0xac, 0xd8, 0xb9, 0xb1, 0x00, 0x8c, 0x1f, 0xeb, 0x22, 0xab, 0xc4, 0x56, 0x15, 0xcd, 0x2c, 0x0a,
  0xa8, 0x04, 0xa4, 0xd1, 0xd5, 0xf7, 0x48, 0x52, 0xfe, 0x05, 0x7d, 0x57, 0x3a, 0xd7, 0x2d, 0x1e,
  0x79, 0xfc, 0xd7, 0x3f, 0xe7, 0x5b, 0xce, 0x1b, 0x08, 0xda, 0x74, 0x3d, 0x0c, 0x15, 0x5e, 0x1d,
  0x47, 0x66, 0xeb, 0x12, 0xd0, 0x79, 0xea, 0xe8, 0x7b, 0xfb, 0x2f, 0x77, 0x24, 0xae, 0x50, 0x8e,
  0x57, 0xf3, 0x70, 0xcf, 0x01, 0x7c, 0xd4, 0x6f, 0x3a, 0xb8, 0x8d, 0xed, 0x7f, 0x39, 0xd4, 0x0f,
  0x72, 0x38, 0xd8, 0xfd, 0xc8, 0xc4, 0xe1, 0xd6, 0x95, 0x97, 0xbd, 0x29, 0x93, 0xa7, 0xa5, 0x1a,
  0xe2, 0x2e, 0xea, 0x83, 0x6b, 0x0d, 0x64, 0x15, 0x59, 0xac, 0x17, 0x2f, 0x2c, 0x76, 0xf3, 0x7c,
  0xf4, 0x48, 0x33, 0xa1, 0x53, 0x58, 0xda, 0x80, 0xd5, 0x17, 0xd3, 0x9e, 0xf4, 0x5e, 0x62, 0x0e,
  0x70, 0xf7, 0x42, 0x8d, 0xe3, 0x7c, 0xea, 0x41, 0xd2, 0x57, 0x78, 0x36, 0x3e, 0xa3, 0x86, 0x67,
  0x4c, 0x6c, 0x8b, 0x39, 0xd3, 0xb3, 0xf6, 0xe2, 0x99, 0x08, 0xdb, 0x89, 0x05, 0x3f, 0x5f, 0x1a,
  0x13, 0x4e, 0x87, 0xa2, 0x74, 0x81, 0x2c, 0x4b, 0x21, 0x7f, 0x66, 0x51, 0x6a, 0x56, 0xe4, 0x99,
  0x2b, 0x01, 0x3e, 0xe2, 0x62, 0x2b, 0xd6, 0xe6, 0x15, 0x8a, 0x2d, 0x75, 0x41, 0x04, 0xb8, 0xde,
  0x43, 0x35, 0x5a, 0x28, 0x84, 0x8a, 0x8c, 0x73, 0xe1, 0x49, 0x82, 0xd0, 0x57, 0xcc, 0x76, 0xca,
  0x8c, 0x53, 0xb2, 0x31, 0xca, 0x64, 0xb5, 0xbd, 0x6b, 0x98, 0x17, 0x53, 0x11, 0x12, 0xe4, 0x34,
  0xd9, 0xb1, 0x03, 0xbc, 0xad, 0x66, 0xc5, 0xe5, 0xe9, 0x38, 0x83, 0x5a, 0xc2, 0x1d, 0x08, 0xf3,
  0x5f, 0xc2, 0x0a, 0x62, 0xfa, 0xce, 0x6c, 0x01, 0xbf, 0x77, 0x5e, 0x17, 0x5f, 0x5f, 0x3d, 0xea,
  0x65, 0x84, 0x10, 0x7a, 0xe4, 0x51, 0xe0, 0xd5, 0x35, 0x1b, 0xd7, 0x6d, 0xed, 0x6f, 0xb3, 0x13,
  0x5b, 0x41, 0x43, 0xf5, 0x6b, 0x67, 0xdb, 0x03, 0xb3, 0x4e, 0x8e, 0xf3, 0x32, 0xca, 0x11, 0x10,
  0xa2, 0x43, 0x28, 0x8b, 0xf8, 0xb8, 0x60, 0xdb, 0x9c, 0x63, 0xf9, 0xcb, 0xcc, 0x97, 0xf2, 0xbe,
  0xfc, 0x58, 0x9c, 0x72, 0x4b, 0x22, 0x5f, 0x4d, 0x40, 0x6a, 0xa4, 0x3a, 0xe7, 0x23, 0x96, 0xde,
  0x99, 0xe8, 0x7f, 0x3d, 0x99, 0xa1, 0xf4, 0x0e, 0x0d, 0x67, 0x60, 0xd2, 0xc2, 0xe2, 0x32, 0x03,
  0x0b, 0xe6, 0x26, 0x40, 0xa6, 0x48, 0x2d, 0x48, 0x10, 0x17, 0x3a, 0x70, 0x83, 0x82, 0x42, 0x19,
  0x14, 0x25, 0x3b, 0xa5, 0xdf, 0xad, 0xe0, 0xde
};

const unsigned char EmbeddedTestCSCA_3[] = {
    0x30, 0x82, 0x06, 0x51, 0x30, 0x82, 0x04, 0x39, 0xA0, 0x03, 0x02, 0x01,
    0x02, 0x02, 0x14, 0x26, 0xAC, 0x7A, 0x52, 0x68, 0xB4, 0x70, 0xB9, 0x75,
    0x94, 0x93, 0x14, 0xE0, 0x17, 0xF3, 0x1B, 0x37, 0x07, 0xC0, 0xC1, 0x30,
    0x0D, 0x06, 0x09, 0x2A, 0x86, 0x48, 0x86, 0xF7, 0x0D, 0x01, 0x01, 0x0B,
    0x05, 0x00, 0x30, 0x81, 0xAF, 0x31, 0x46, 0x30, 0x44, 0x06, 0x03, 0x55,
    0x04, 0x03, 0x0C, 0x3D, 0x4E, 0x61, 0x74, 0x69, 0x6F, 0x6E, 0x61, 0x6C,
    0x20, 0x72, 0x6F, 0x6F, 0x74, 0x20, 0x43, 0x41, 0x20, 0x43, 0x4F, 0x4C,
    0x20, 0x66, 0x6F, 0x72, 0x20, 0x74, 0x68, 0x65, 0x20, 0x49, 0x74, 0x61,
    0x6C, 0x69, 0x61, 0x6E, 0x20, 0x45, 0x6C, 0x65, 0x63, 0x74, 0x72, 0x6F,
    0x6E, 0x69, 0x63, 0x20, 0x49, 0x64, 0x65, 0x6E, 0x74, 0x69, 0x74, 0x79,
    0x20, 0x43, 0x61, 0x72, 0x64, 0x31, 0x37, 0x30, 0x35, 0x06, 0x03, 0x55,
    0x04, 0x0B, 0x0C, 0x2E, 0x44, 0x69, 0x72, 0x65, 0x7A, 0x2E, 0x20, 0x43,
    0x65, 0x6E, 0x74, 0x72, 0x2E, 0x20, 0x70, 0x65, 0x72, 0x20, 0x69, 0x20,
    0x53, 0x65, 0x72, 0x76, 0x69, 0x7A, 0x69, 0x20, 0x44, 0x65, 0x6D, 0x6F,
    0x67, 0x72, 0x61, 0x66, 0x69, 0x63, 0x69, 0x20, 0x2D, 0x20, 0x43, 0x4E,
    0x53, 0x44, 0x31, 0x1F, 0x30, 0x1D, 0x06, 0x03, 0x55, 0x04, 0x0A, 0x0C,
    0x16, 0x4D, 0x69, 0x6E, 0x69, 0x73, 0x74, 0x65, 0x72, 0x6F, 0x20, 0x64,
    0x65, 0x6C, 0x6C, 0x27, 0x49, 0x6E, 0x74, 0x65, 0x72, 0x6E, 0x6F, 0x31,
    0x0B, 0x30, 0x09, 0x06, 0x03, 0x55, 0x04, 0x06, 0x13, 0x02, 0x49, 0x54,
    0x30, 0x1E, 0x17, 0x0D, 0x32, 0x31, 0x31, 0x30, 0x31, 0x33, 0x30, 0x39,
    0x35, 0x30, 0x31, 0x32, 0x5A, 0x17, 0x0D, 0x34, 0x31, 0x31, 0x30, 0x30,
    0x38, 0x30, 0x39, 0x35, 0x30, 0x31, 0x32, 0x5A, 0x30, 0x81, 0xAF, 0x31,
    0x46, 0x30, 0x44, 0x06, 0x03, 0x55, 0x04, 0x03, 0x0C, 0x3D, 0x4E, 0x61,
    0x74, 0x69, 0x6F, 0x6E, 0x61, 0x6C, 0x20, 0x72, 0x6F, 0x6F, 0x74, 0x20,
    0x43, 0x41, 0x20, 0x43, 0x4F, 0x4C, 0x20, 0x66, 0x6F, 0x72, 0x20, 0x74,
    0x68, 0x65, 0x20, 0x49, 0x74, 0x61, 0x6C, 0x69, 0x61, 0x6E, 0x20, 0x45,
    0x6C, 0x65, 0x63, 0x74, 0x72, 0x6F, 0x6E, 0x69, 0x63, 0x20, 0x49, 0x64,
    0x65, 0x6E, 0x74, 0x69, 0x74, 0x79, 0x20, 0x43, 0x61, 0x72, 0x64, 0x31,
    0x37, 0x30, 0x35, 0x06, 0x03, 0x55, 0x04, 0x0B, 0x0C, 0x2E, 0x44, 0x69,
    0x72, 0x65, 0x7A, 0x2E, 0x20, 0x43, 0x65, 0x6E, 0x74, 0x72, 0x2E, 0x20,
    0x70, 0x65, 0x72, 0x20, 0x69, 0x20, 0x53, 0x65, 0x72, 0x76, 0x69, 0x7A,
    0x69, 0x20, 0x44, 0x65, 0x6D, 0x6F, 0x67, 0x72, 0x61, 0x66, 0x69, 0x63,
    0x69, 0x20, 0x2D, 0x20, 0x43, 0x4E, 0x53, 0x44, 0x31, 0x1F, 0x30, 0x1D,
    0x06, 0x03, 0x55, 0x04, 0x0A, 0x0C, 0x16, 0x4D, 0x69, 0x6E, 0x69, 0x73,
    0x74, 0x65, 0x72, 0x6F, 0x20, 0x64, 0x65, 0x6C, 0x6C, 0x27, 0x49, 0x6E,
    0x74, 0x65, 0x72, 0x6E, 0x6F, 0x31, 0x0B, 0x30, 0x09, 0x06, 0x03, 0x55,
    0x04, 0x06, 0x13, 0x02, 0x49, 0x54, 0x30, 0x82, 0x02, 0x22, 0x30, 0x0D,
    0x06, 0x09, 0x2A, 0x86, 0x48, 0x86, 0xF7, 0x0D, 0x01, 0x01, 0x01, 0x05,
    0x00, 0x03, 0x82, 0x02, 0x0F, 0x00, 0x30, 0x82, 0x02, 0x0A, 0x02, 0x82,
    0x02, 0x01, 0x00, 0xE1, 0xA9, 0x25, 0x92, 0xB7, 0xF8, 0xF4, 0x93, 0xCF,
    0x6E, 0xAA, 0x60, 0x12, 0x5A, 0x34, 0x69, 0xEF, 0x8A, 0x56, 0x97, 0x05,
    0x9E, 0xE0, 0x01, 0xC8, 0x01, 0xB2, 0x23, 0x1A, 0x48, 0x77, 0xB9, 0xEF,
    0x2C, 0xCE, 0xFB, 0x95, 0xCB, 0x1C, 0xDD, 0x42, 0x9B, 0x34, 0x5F, 0xF1,
    0x38, 0x8B, 0xD8, 0xDA, 0x8B, 0xBF, 0x21, 0xC3, 0xBA, 0xE7, 0x9E, 0xA2,
    0xC0, 0xDA, 0xB0, 0x3D, 0xB4, 0xB6, 0xFD, 0x91, 0xF1, 0x04, 0x39, 0x90,
    0xA9, 0x2B, 0x19, 0x21, 0xAA, 0x4B, 0x45, 0xBC, 0x98, 0xE1, 0x8B, 0xC4,
    0xF1, 0x41, 0xCA, 0x33, 0xB1, 0x1F, 0x52, 0x9F, 0xBD, 0xBF, 0x1A, 0x3F,
    0x24, 0x0D, 0x2E, 0x10, 0xBB, 0xE3, 0xBE, 0x86, 0xC0, 0x5D, 0x49, 0x81,
    0x1D, 0xCA, 0x55, 0x9F, 0x11, 0xAA, 0x63, 0xD2, 0x4D, 0x72, 0x74, 0x26,
    0x91, 0xDD, 0x9D, 0x8D, 0x02, 0x20, 0x80, 0x6F, 0x60, 0x68, 0xD2, 0xF7,
    0x8D, 0x75, 0xC8, 0x7E, 0x64, 0xFB, 0xE4, 0xFB, 0x48, 0x4D, 0x96, 0x17,
    0x5D, 0x39, 0xA0, 0xDF, 0x8D, 0x12, 0xDC, 0x32, 0x56, 0x08, 0x00, 0xD6,
    0x04, 0xD0, 0x8E, 0xD3, 0x89, 0x1F, 0x16, 0xC1, 0x6A, 0x51, 0x1C, 0xE7,
    0xEA, 0xA9, 0xD2, 0xEF, 0x1D, 0x5B, 0xA5, 0x21, 0xD6, 0x60, 0x2E, 0xFB,
    0x2C, 0x79, 0x96, 0xB6, 0x50, 0xFA, 0xF3, 0x29, 0xBA, 0xE9, 0xE6, 0x9C,
    0xCF, 0xBE, 0x87, 0xBB, 0xE9, 0x54, 0xB0, 0x35, 0x69, 0x02, 0xBF, 0x16,
    0x2F, 0x0F, 0x92, 0xEA, 0x98, 0x29, 0x70, 0x79, 0xC6, 0xD4, 0x1D, 0x6B,
    0xD1, 0x8C, 0x78, 0x42, 0x82, 0xF3, 0x89, 0x4B, 0xD5, 0xAE, 0xF5, 0x47,
    0xFA, 0xA7, 0x54, 0x76, 0x61, 0xF1, 0xFC, 0x04, 0x03, 0x82, 0x3E, 0x96,
    0x48, 0xC0, 0x7E, 0xF7, 0x7C, 0x76, 0x18, 0x2B, 0xF7, 0x27, 0x91, 0x16,
    0xB0, 0x44, 0xE5, 0x0B, 0x69, 0x7B, 0x78, 0x82, 0x59, 0xE5, 0x1B, 0xE2,
    0x98, 0xB5, 0x63, 0xEC, 0x4B, 0x49, 0x73, 0x89, 0xAE, 0x01, 0xC8, 0x85,
    0x25, 0x5E, 0x64, 0xB3, 0xA4, 0xC6, 0x3D, 0xAF, 0x41, 0xAD, 0x59, 0x45,
    0xDD, 0x27, 0x79, 0xD0, 0xBD, 0x18, 0xE5, 0x4C, 0x88, 0x13, 0xD5, 0x09,
    0xFC, 0x25, 0xE1, 0x78, 0x1F, 0x1F, 0x7E, 0x42, 0x9D, 0xB7, 0xE9, 0x27,
    0xA3, 0xE3, 0x42, 0xAE, 0xF4, 0x49, 0x67, 0x6C, 0xDC, 0x14, 0x3C, 0x1A,
    0xC7, 0x31, 0x73, 0x8A, 0x4D, 0x00, 0xC9, 0x51, 0x96, 0xEC, 0xAF, 0x27,
    0x68, 0xDE, 0x64, 0x03, 0x09, 0xBF, 0x5D, 0xA5, 0xDB, 0xC5, 0x25, 0xD6,
    0xE3, 0x08, 0x5C, 0x8C, 0x8C, 0x2B, 0x5E, 0x7C, 0xAA, 0xAB, 0x55, 0xA2,
    0x76, 0x06, 0xCF, 0xE6, 0x50, 0x1B, 0x4A, 0x3D, 0x0C, 0x7F, 0x58, 0xFE,
    0x9E, 0xAC, 0x5C, 0x19, 0x35, 0x83, 0xCE, 0x2C, 0x77, 0x5E, 0x6E, 0x9A,
    0x0D, 0x22, 0x0E, 0x29, 0xC7, 0x81, 0xAB, 0x08, 0xED, 0xEB, 0xB5, 0x6F,
    0xEA, 0x0A, 0xC3, 0x90, 0xBD, 0xA8, 0x27, 0x50, 0xAF, 0x07, 0x13, 0x19,
    0xEB, 0x86, 0x0B, 0x25, 0x7A, 0xAF, 0xB4, 0x84, 0x6D, 0xEA, 0xB6, 0x81,
    0x35, 0xDC, 0xD5, 0xBC, 0xD9, 0x3C, 0x4D, 0x30, 0xD6, 0x71, 0x8C, 0xA7,
    0x9F, 0x9E, 0x2F, 0xEF, 0xAF, 0xE5, 0x9E, 0xBB, 0x2E, 0x94, 0x36, 0xB3,
    0x9C, 0x2B, 0x5B, 0x4C, 0xE9, 0x5A, 0xF3, 0xED, 0xDB, 0x07, 0x82, 0x08,
    0x4D, 0x8F, 0x32, 0x20, 0x5C, 0x48, 0x7F, 0x14, 0x55, 0xB9, 0xE0, 0xD5,
    0x9E, 0x8D, 0x64, 0xB7, 0x7F, 0x10, 0x55, 0x13, 0x11, 0x16, 0x93, 0x15,
    0xA0, 0x73, 0x7E, 0x34, 0x52, 0x00, 0x8F, 0x9F, 0x5D, 0xFD, 0x90, 0x11,
    0x12, 0x0E, 0xEB, 0x22, 0x93, 0xEA, 0x06, 0x2B, 0x71, 0x9C, 0x5F, 0x3B,
    0x7E, 0xA6, 0xF6, 0x69, 0xAC, 0x96, 0x3F, 0xF7, 0x36, 0xAE, 0xFF, 0x02,
    0x03, 0x01, 0x00, 0x01, 0xA3, 0x63, 0x30, 0x61, 0x30, 0x0F, 0x06, 0x03,
    0x55, 0x1D, 0x13, 0x01, 0x01, 0xFF, 0x04, 0x05, 0x30, 0x03, 0x01, 0x01,
    0xFF, 0x30, 0x1F, 0x06, 0x03, 0x55, 0x1D, 0x23, 0x04, 0x18, 0x30, 0x16,
    0x80, 0x14, 0x72, 0x96, 0x04, 0xF9, 0x03, 0x3C, 0x21, 0x80, 0xCA, 0x74,
    0x8E, 0x1B, 0x3C, 0x61, 0x1E, 0xF1, 0x5E, 0x1E, 0xB9, 0xBB, 0x30, 0x1D,
    0x06, 0x03, 0x55, 0x1D, 0x0E, 0x04, 0x16, 0x04, 0x14, 0x72, 0x96, 0x04,
    0xF9, 0x03, 0x3C, 0x21, 0x80, 0xCA, 0x74, 0x8E, 0x1B, 0x3C, 0x61, 0x1E,
    0xF1, 0x5E, 0x1E, 0xB9, 0xBB, 0x30, 0x0E, 0x06, 0x03, 0x55, 0x1D, 0x0F,
    0x01, 0x01, 0xFF, 0x04, 0x04, 0x03, 0x02, 0x01, 0x86, 0x30, 0x0D, 0x06,
    0x09, 0x2A, 0x86, 0x48, 0x86, 0xF7, 0x0D, 0x01, 0x01, 0x0B, 0x05, 0x00,
    0x03, 0x82, 0x02, 0x01, 0x00, 0x82, 0x20, 0x46, 0x84, 0x28, 0xF0, 0x50,
    0xB2, 0x8D, 0x66, 0xF1, 0x48, 0x4D, 0x6C, 0x34, 0x72, 0x75, 0x90, 0x6C,
    0x62, 0x2A, 0x5E, 0xDA, 0xC1, 0x52, 0x24, 0xB3, 0x81, 0x5E, 0xA6, 0x10,
    0x8F, 0x76, 0x72, 0x12, 0x60, 0xCB, 0x38, 0x04, 0x7F, 0x23, 0xFC, 0x24,
    0x1F, 0xA2, 0xD1, 0x28, 0x1B, 0xF5, 0xDE, 0xCE, 0x53, 0x2F, 0xC1, 0xDC,
    0x89, 0xD9, 0x5A, 0xB4, 0x8D, 0x2E, 0xFE, 0x12, 0x0D, 0xC8, 0x95, 0x2C,
    0xA5, 0xEF, 0x65, 0x5C, 0x61, 0xEB, 0x08, 0xFA, 0xF3, 0x6F, 0xE6, 0x3A,
    0x8F, 0x25, 0x9A, 0x77, 0x92, 0x0F, 0xEA, 0xA1, 0x3D, 0xA0, 0x91, 0x58,
    0x22, 0xEC, 0x43, 0xC9, 0x08, 0xA1, 0x08, 0x4B, 0x1D, 0x9A, 0xCC, 0x08,
    0x4D, 0x10, 0xDF, 0xE9, 0x4B, 0x8C, 0x02, 0x9E, 0x81, 0x41, 0x5D, 0x19,
    0x1E, 0x82, 0xE5, 0x21, 0xD7, 0x89, 0x69, 0xF7, 0x8F, 0x38, 0x9D, 0xDC,
    0x95, 0x0C, 0x91, 0xCE, 0x56, 0x97, 0xAA, 0xFC, 0x95, 0x1C, 0x3A, 0xC3,
    0x3B, 0x88, 0xB4, 0x8B, 0xF7, 0xF6, 0x23, 0xC1, 0x75, 0x1B, 0xD4, 0x3A,
    0x0D, 0x6B, 0x3D, 0xB5, 0x8D, 0xAB, 0x75, 0xB1, 0x7E, 0xA7, 0xB2, 0x82,
    0x26, 0x2B, 0xD1, 0x43, 0x0C, 0xD7, 0xDB, 0x15, 0x60, 0x87, 0xF3, 0xA2,
    0x7E, 0x3B, 0xF5, 0xFE, 0x7B, 0xF1, 0x37, 0x74, 0x2E, 0xC1, 0xA0, 0xBC,
    0x5A, 0x42, 0x0B, 0x65, 0x88, 0x9C, 0x5C, 0x2C, 0xC5, 0xC7, 0x59, 0x49,
    0xFC, 0x7E, 0xB2, 0xAE, 0xB0, 0xEF, 0xEF, 0xDB, 0x7B, 0xE7, 0x41, 0x4C,
    0x72, 0xC2, 0x02, 0x54, 0xD8, 0xBB, 0xCA, 0xC6, 0xE5, 0xDF, 0x24, 0x30,
    0x8E, 0x6C, 0x29, 0x1E, 0x34, 0x95, 0xD6, 0xF6, 0xC2, 0x4D, 0x7F, 0xEA,
    0x68, 0x45, 0xC3, 0xDB, 0x80, 0xBE, 0xCD, 0xBB, 0x0C, 0x01, 0x54, 0x82,
    0xC3, 0x2A, 0x9A, 0x0F, 0x2C, 0x2A, 0xCA, 0x11, 0x4E, 0xD0, 0x2F, 0x83,
    0x49, 0x40, 0x56, 0x19, 0x13, 0xBF, 0x9E, 0xE0, 0x9C, 0x94, 0x04, 0x6A,
    0x55, 0x09, 0xCB, 0x05, 0x54, 0x2E, 0x3C, 0x3A, 0xE4, 0x6D, 0xCE, 0x6B,
    0xDA, 0xEE, 0xEC, 0x67, 0xC4, 0xB9, 0x16, 0x7B, 0x0A, 0xFF, 0x4F, 0x88,
    0xEE, 0xA8, 0x81, 0xD4, 0x95, 0x78, 0xFB, 0x0C, 0x6F, 0xD7, 0xF5, 0x5F,
    0x10, 0x1A, 0x9E, 0xF7, 0x85, 0x69, 0x17, 0xEA, 0x4F, 0x36, 0x64, 0xF0,
    0x49, 0x58, 0x88, 0x47, 0x91, 0xCB, 0x47, 0xA5, 0xB0, 0x2C, 0x7C, 0x72,
    0x69, 0x5F, 0x29, 0x25, 0x0F, 0x79, 0x72, 0x91, 0x66, 0x3D, 0x8D, 0x95,
    0xEA, 0xB5, 0x88, 0x59, 0xCC, 0x28, 0x42, 0x4B, 0x9F, 0xB0, 0xD6, 0x78,
    0x4B, 0x65, 0x49, 0x58, 0x77, 0x87, 0x61, 0x0A, 0x66, 0xF7, 0xCA, 0x8E,
    0xB8, 0x0C, 0x5C, 0xFB, 0x5F, 0x51, 0xE2, 0xE5, 0x3E, 0xCB, 0x8D, 0x75,
    0x68, 0x14, 0xA8, 0x1C, 0x23, 0x5C, 0x8E, 0xBB, 0x2E, 0xF7, 0x45, 0x45,
    0x13, 0x25, 0x3D, 0xF4, 0x0C, 0x8F, 0x6C, 0xC7, 0x72, 0x83, 0xEB, 0xC7,
    0xD9, 0xCF, 0x30, 0xA2, 0x35, 0x0F, 0xDB, 0x8D, 0xC3, 0x0C, 0x58, 0xCF,
    0x18, 0x3D, 0xFF, 0xA6, 0xC6, 0x6C, 0x1D, 0x02, 0x62, 0xCF, 0xDC, 0x76,
    0xD9, 0x08, 0x8B, 0xFB, 0x3D, 0x27, 0x31, 0xF9, 0xBC, 0xCA, 0x17, 0xAB,
    0xE6, 0x22, 0x5F, 0x95, 0xD8, 0x94, 0x98, 0xBB, 0xD6, 0xF1, 0x4B, 0x1A,
    0xB8, 0xC7, 0x4D, 0xFC, 0xEF, 0xA0, 0x20, 0xFD, 0xD5, 0xE9, 0xA1, 0xB6,
    0x34, 0x67, 0x47, 0x81, 0x20, 0x10, 0xB0, 0x77, 0x76, 0x9B, 0x4E, 0xFD,
    0xC9, 0x8A, 0x0E, 0x4B, 0xAA, 0x06, 0xAA, 0x6B, 0x4B, 0x1F, 0x83, 0x14,
    0x3F, 0x02, 0x5A, 0x07, 0x42, 0xBB, 0x61, 0xD3, 0x0F, 0xEA, 0x92, 0x2B,
    0xB5, 0x18, 0x9B, 0x3E, 0x75, 0xD7, 0x67, 0xBE, 0x26, 0x8C, 0xC2, 0x0D,
    0x75
};

const unsigned char EmbeddedTestCSCA_4[] = {
    0x30, 0x82, 0x06, 0xC3, 0x30, 0x82, 0x04, 0xAB, 0xA0, 0x03, 0x02, 0x01,
    0x02, 0x02, 0x14, 0x05, 0x8D, 0x2D, 0xDB, 0x6A, 0x25, 0x9E, 0x80, 0x59,
    0xC0, 0x4F, 0xB5, 0xE5, 0xA9, 0x34, 0x94, 0x61, 0x10, 0x0A, 0x8B, 0x30,
    0x0D, 0x06, 0x09, 0x2A, 0x86, 0x48, 0x86, 0xF7, 0x0D, 0x01, 0x01, 0x0B,
    0x05, 0x00, 0x30, 0x81, 0xAF, 0x31, 0x46, 0x30, 0x44, 0x06, 0x03, 0x55,
    0x04, 0x03, 0x0C, 0x3D, 0x4E, 0x61, 0x74, 0x69, 0x6F, 0x6E, 0x61, 0x6C,
    0x20, 0x72, 0x6F, 0x6F, 0x74, 0x20, 0x43, 0x41, 0x20, 0x43, 0x4F, 0x4C,
    0x20, 0x66, 0x6F, 0x72, 0x20, 0x74, 0x68, 0x65, 0x20, 0x49, 0x74, 0x61,
    0x6C, 0x69, 0x61, 0x6E, 0x20, 0x45, 0x6C, 0x65, 0x63, 0x74, 0x72, 0x6F,
    0x6E, 0x69, 0x63, 0x20, 0x49, 0x64, 0x65, 0x6E, 0x74, 0x69, 0x74, 0x79,
    0x20, 0x43, 0x61, 0x72, 0x64, 0x31, 0x37, 0x30, 0x35, 0x06, 0x03, 0x55,
    0x04, 0x0B, 0x0C, 0x2E, 0x44, 0x69, 0x72, 0x65, 0x7A, 0x2E, 0x20, 0x43,
    0x65, 0x6E, 0x74, 0x72, 0x2E, 0x20, 0x70, 0x65, 0x72, 0x20, 0x69, 0x20,
    0x53, 0x65, 0x72, 0x76, 0x69, 0x7A, 0x69, 0x20, 0x44, 0x65, 0x6D, 0x6F,
    0x67, 0x72, 0x61, 0x66, 0x69, 0x63, 0x69, 0x20, 0x2D, 0x20, 0x43, 0x4E,
    0x53, 0x44, 0x31, 0x1F, 0x30, 0x1D, 0x06, 0x03, 0x55, 0x04, 0x0A, 0x0C,
    0x16, 0x4D, 0x69, 0x6E, 0x69, 0x73, 0x74, 0x65, 0x72, 0x6F, 0x20, 0x64,
    0x65, 0x6C, 0x6C, 0x27, 0x49, 0x6E, 0x74, 0x65, 0x72, 0x6E, 0x6F, 0x31,
    0x0B, 0x30, 0x09, 0x06, 0x03, 0x55, 0x04, 0x06, 0x13, 0x02, 0x49, 0x54,
    0x30, 0x1E, 0x17, 0x0D, 0x32, 0x34, 0x30, 0x34, 0x32, 0x36, 0x31, 0x30,
    0x32, 0x33, 0x35, 0x39, 0x5A, 0x17, 0x0D, 0x33, 0x39, 0x30, 0x35, 0x30,
    0x38, 0x31, 0x30, 0x32, 0x33, 0x35, 0x39, 0x5A, 0x30, 0x81, 0xB8, 0x31,
    0x4F, 0x30, 0x4D, 0x06, 0x03, 0x55, 0x04, 0x03, 0x0C, 0x46, 0x49, 0x73,
    0x73, 0x75, 0x69, 0x6E, 0x67, 0x20, 0x73, 0x75, 0x62, 0x20, 0x43, 0x41,
    0x2D, 0x43, 0x4F, 0x4C, 0x20, 0x66, 0x6F, 0x72, 0x20, 0x74, 0x68, 0x65,
    0x20, 0x49, 0x74, 0x61, 0x6C, 0x69, 0x61, 0x6E, 0x20, 0x45, 0x6C, 0x65,
    0x63, 0x74, 0x72, 0x6F, 0x6E, 0x69, 0x63, 0x20, 0x49, 0x64, 0x65, 0x6E,
    0x74, 0x69, 0x74, 0x79, 0x20, 0x43, 0x61, 0x72, 0x64, 0x20, 0x2D, 0x20,
    0x53, 0x55, 0x42, 0x43, 0x41, 0x30, 0x30, 0x33, 0x31, 0x37, 0x30, 0x35,
    0x06, 0x03, 0x55, 0x04, 0x0B, 0x0C, 0x2E, 0x44, 0x69, 0x72, 0x65, 0x7A,
    0x2E, 0x20, 0x43, 0x65, 0x6E, 0x74, 0x72, 0x2E, 0x20, 0x70, 0x65, 0x72,
    0x20, 0x69, 0x20, 0x53, 0x65, 0x72, 0x76, 0x69, 0x7A, 0x69, 0x20, 0x44,
    0x65, 0x6D, 0x6F, 0x67, 0x72, 0x61, 0x66, 0x69, 0x63, 0x69, 0x20, 0x2D,
    0x20, 0x43, 0x4E, 0x53, 0x44, 0x31, 0x1F, 0x30, 0x1D, 0x06, 0x03, 0x55,
    0x04, 0x0A, 0x0C, 0x16, 0x4D, 0x69, 0x6E, 0x69, 0x73, 0x74, 0x65, 0x72,
    0x6F, 0x20, 0x64, 0x65, 0x6C, 0x6C, 0x27, 0x49, 0x6E, 0x74, 0x65, 0x72,
    0x6E, 0x6F, 0x31, 0x0B, 0x30, 0x09, 0x06, 0x03, 0x55, 0x04, 0x06, 0x13,
    0x02, 0x49, 0x54, 0x30, 0x82, 0x02, 0x22, 0x30, 0x0D, 0x06, 0x09, 0x2A,
    0x86, 0x48, 0x86, 0xF7, 0x0D, 0x01, 0x01, 0x01, 0x05, 0x00, 0x03, 0x82,
    0x02, 0x0F, 0x00, 0x30, 0x82, 0x02, 0x0A, 0x02, 0x82, 0x02, 0x01, 0x00,
    0xC5, 0x85, 0x76, 0x2E, 0xAB, 0x3B, 0xB3, 0xC5, 0xFD, 0x4C, 0x74, 0x7A,
    0x7E, 0xB4, 0x68, 0xBF, 0x1B, 0xCB, 0xA7, 0x7B, 0xEE, 0xAD, 0x23, 0x86,
    0x37, 0x97, 0x83, 0xB0, 0x68, 0x9E, 0x02, 0x5D, 0xC5, 0x10, 0xE9, 0x7D,
    0x25, 0x41, 0xBA, 0x6B, 0x40, 0xC8, 0xA2, 0x45, 0x86, 0xD2, 0x68, 0x1E,
    0xE7, 0x40, 0x11, 0x0B, 0x0B, 0xD3, 0x7F, 0x8A, 0x6B, 0x02, 0xB5, 0x09,
    0x0D, 0x8F, 0xCB, 0x56, 0x6B, 0x81, 0x7D, 0xC8, 0x5E, 0x99, 0x1D, 0xB6,
    0x18, 0x63, 0x12, 0xEC, 0xFB, 0xFA, 0xDD, 0x75, 0x3D, 0x67, 0x3F, 0xF0,
    0x3E, 0xEE, 0x3D, 0xC4, 0x27, 0x9A, 0xA1, 0x5F, 0x3C, 0x07, 0xE0, 0xB1,
    0xCA, 0xAC, 0x15, 0x4B, 0x21, 0xC0, 0x65, 0x33, 0xB2, 0xDD, 0x5F, 0xCA,
    0xC3, 0x96, 0x61, 0x60, 0xB3, 0xAC, 0x24, 0x13, 0xEC, 0x9C, 0xCA, 0xFC,
    0x10, 0x6A, 0x81, 0xC2, 0x17, 0x25, 0x2C, 0x30, 0x06, 0xA3, 0xCC, 0x8C,
    0x14, 0x3A, 0x66, 0x42, 0x5D, 0x81, 0xDD, 0x6C, 0x99, 0x9B, 0x94, 0x4F,
    0xF3, 0x6F, 0x84, 0xA6, 0xB3, 0xFD, 0x4B, 0x90, 0xF5, 0x64, 0x64, 0x34,
    0x54, 0xD4, 0x79, 0xE6, 0x5E, 0x8C, 0x71, 0x36, 0xD9, 0x2D, 0x70, 0x59,
    0x99, 0x26, 0xB9, 0x8E, 0x6A, 0x9B, 0xBA, 0xA9, 0xB5, 0xDB, 0x3B, 0x0A,
    0x6B, 0x7F, 0x25, 0xF5, 0x52, 0xAC, 0x0C, 0x2B, 0xA9, 0xBF, 0xB3, 0xE3,
    0x10, 0x24, 0x09, 0x0A, 0x96, 0xFD, 0x23, 0xDE, 0x39, 0x96, 0xE2, 0xBF,
    0x1C, 0x52, 0x50, 0x2B, 0x7C, 0xC5, 0x78, 0xA5, 0x32, 0x27, 0xEB, 0xAE,
    0xDB, 0xA1, 0x0E, 0x9C, 0x32, 0xCB, 0x23, 0xFC, 0x1A, 0x3E, 0x27, 0xC8,
    0x27, 0x77, 0xE9, 0xA3, 0xD6, 0xD1, 0x29, 0x79, 0x29, 0x6D, 0x4E, 0x87,
    0xA9, 0xF3, 0x10, 0x6E, 0xA3, 0x40, 0x4C, 0x6D, 0x81, 0xB6, 0xB9, 0xA0,
    0xCC, 0xBF, 0x80, 0xA5, 0xFE, 0xEC, 0xB8, 0x23, 0x89, 0x69, 0xF5, 0x88,
    0x1C, 0x68, 0xC3, 0x6C, 0xE3, 0x5B, 0x50, 0xD9, 0x78, 0x84, 0x0A, 0x56,
    0xDC, 0xCA, 0x49, 0x61, 0xCC, 0xC8, 0x46, 0x62, 0x30, 0x05, 0xBA, 0xB0,
    0x23, 0x0A, 0x9B, 0xD3, 0x0B, 0xA7, 0xE5, 0x97, 0xE3, 0x15, 0x86, 0xE3,
    0x80, 0xCF, 0xED, 0xCE, 0x42, 0xD2, 0x22, 0x07, 0x41, 0x45, 0x57, 0x30,
    0xBA, 0xC3, 0xC0, 0xD9, 0x91, 0x87, 0x95, 0xD8, 0x65, 0xBE, 0x0D, 0x60,
    0x61, 0x4F, 0x95, 0x2C, 0xFD, 0x54, 0xB9, 0x25, 0xB7, 0xC2, 0x9A, 0x16,
    0xD7, 0x31, 0xA0, 0x36, 0xF8, 0x87, 0xC4, 0x99, 0x52, 0xEB, 0x93, 0x74,
    0x16, 0x9E, 0x13, 0xFF, 0x5D, 0xA8, 0xF8, 0x61, 0x0C, 0x50, 0xC8, 0x03,
    0xF0, 0x65, 0xA9, 0xE7, 0x96, 0x53, 0x08, 0x46, 0xE0, 0x8F, 0x4C, 0xA6,
    0x74, 0x16, 0xE3, 0x3E, 0x54, 0x68, 0xBB, 0x6E, 0xC1, 0x1D, 0xC0, 0x18,
    0x6E, 0x29, 0xB5, 0xB5, 0x21, 0xD5, 0x7B, 0x8F, 0x1D, 0x50, 0x97, 0x03,
    0xB0, 0x8A, 0x64, 0xA6, 0xD0, 0x52, 0x87, 0xB1, 0xF0, 0x2E, 0x40, 0x5A,
    0x88, 0xB9, 0x1C, 0x33, 0x84, 0x36, 0xD3, 0xCF, 0x6C, 0xFE, 0xBF, 0x44,
    0x5F, 0x31, 0x5B, 0x38, 0xEC, 0xDA, 0x2B, 0xDA, 0x29, 0x67, 0xA1, 0xF8,
    0x8B, 0x18, 0x8B, 0x9C, 0x38, 0xEC, 0x69, 0x60, 0x67, 0xAF, 0xAB, 0x9D,
    0x61, 0xAA, 0x07, 0x1E, 0x7E, 0xF8, 0xA9, 0xDF, 0xF0, 0xBE, 0xC4, 0xA9,
    0xB0, 0xA8, 0xC1, 0x24, 0xED, 0x83, 0x69, 0xA7, 0xF2, 0x99, 0x41, 0x2A,
    0x48, 0xE3, 0x92, 0x83, 0xD4, 0x77, 0x21, 0x24, 0xAF, 0x30, 0xDB, 0xDD,
    0x64, 0xA3, 0x93, 0x15, 0x94, 0xD8, 0x19, 0x27, 0xFD, 0xD2, 0x4F, 0xFA,
    0x8A, 0x92, 0xBE, 0x5F, 0xF3, 0x49, 0xE4, 0xAF, 0x76, 0x1C, 0x05, 0x85,
    0xD7, 0x8D, 0xB0, 0xF2, 0x0D, 0x57, 0x46, 0x09, 0x02, 0x03, 0x01, 0x00,
    0x01, 0xA3, 0x81, 0xCB, 0x30, 0x81, 0xC8, 0x30, 0x12, 0x06, 0x03, 0x55,
    0x1D, 0x13, 0x01, 0x01, 0xFF, 0x04, 0x08, 0x30, 0x06, 0x01, 0x01, 0xFF,
    0x02, 0x01, 0x00, 0x30, 0x1F, 0x06, 0x03, 0x55, 0x1D, 0x23, 0x04, 0x18,
    0x30, 0x16, 0x80, 0x14, 0x72, 0x96, 0x04, 0xF9, 0x03, 0x3C, 0x21, 0x80,
    0xCA, 0x74, 0x8E, 0x1B, 0x3C, 0x61, 0x1E, 0xF1, 0x5E, 0x1E, 0xB9, 0xBB,
    0x30, 0x62, 0x06, 0x03, 0x55, 0x1D, 0x20, 0x04, 0x5B, 0x30, 0x59, 0x30,
    0x57, 0x06, 0x04, 0x2B, 0x4C, 0x2F, 0x02, 0x30, 0x4F, 0x30, 0x4D, 0x06,
    0x08, 0x2B, 0x06, 0x01, 0x05, 0x05, 0x07, 0x02, 0x01, 0x16, 0x41, 0x68,
    0x74, 0x74, 0x70, 0x3A, 0x2F, 0x2F, 0x77, 0x77, 0x77, 0x2E, 0x63, 0x61,
    0x72, 0x74, 0x61, 0x69, 0x64, 0x65, 0x6E, 0x74, 0x69, 0x74, 0x61, 0x2E,
    0x69, 0x6E, 0x74, 0x65, 0x72, 0x6E, 0x6F, 0x2E, 0x67, 0x6F, 0x76, 0x2E,
    0x69, 0x74, 0x2F, 0x70, 0x6F, 0x6C, 0x69, 0x63, 0x79, 0x2F, 0x73, 0x75,
    0x62, 0x63, 0x61, 0x5F, 0x61, 0x75, 0x74, 0x68, 0x5F, 0x63, 0x70, 0x73,
    0x2E, 0x70, 0x64, 0x66, 0x30, 0x1D, 0x06, 0x03, 0x55, 0x1D, 0x0E, 0x04,
    0x16, 0x04, 0x14, 0x55, 0x05, 0x16, 0x79, 0x1B, 0x57, 0x84, 0xF9, 0xB2,
    0xEC, 0xC5, 0x9B, 0x72, 0xAE, 0x7E, 0xCA, 0xCC, 0x10, 0x84, 0x29, 0x30,
    0x0E, 0x06, 0x03, 0x55, 0x1D, 0x0F, 0x01, 0x01, 0xFF, 0x04, 0x04, 0x03,
    0x02, 0x01, 0x86, 0x30, 0x0D, 0x06, 0x09, 0x2A, 0x86, 0x48, 0x86, 0xF7,
    0x0D, 0x01, 0x01, 0x0B, 0x05, 0x00, 0x03, 0x82, 0x02, 0x01, 0x00, 0xBB,
    0x71, 0x38, 0x2B, 0xFF, 0xA7, 0x5D, 0x6A, 0x4C, 0x54, 0xB6, 0x81, 0xB2,
    0xA9, 0x74, 0xCD, 0x41, 0xB5, 0x37, 0xCA, 0x68, 0x7A, 0xEE, 0xE6, 0xE0,
    0x24, 0x67, 0x20, 0x2A, 0x4E, 0xAD, 0x3F, 0xB8, 0x89, 0x5A, 0x80, 0x3A,
    0x28, 0x7C, 0x57, 0x8D, 0x4D, 0x60, 0x0F, 0xD1, 0xA9, 0xC6, 0x20, 0xE4,
    0x61, 0x2E, 0x4F, 0xBB, 0x85, 0x9C, 0x2A, 0xFD, 0x66, 0x6D, 0x19, 0x83,
    0xB0, 0x24, 0xFF, 0x51, 0x28, 0x3A, 0x07, 0x61, 0x2D, 0x9B, 0x80, 0x6F,
    0xC4, 0xD6, 0xE6, 0x2A, 0x73, 0x7F, 0xB9, 0x77, 0x8D, 0x72, 0xDD, 0x31,
    0x70, 0x1D, 0xD4, 0xA6, 0x78, 0xAF, 0x71, 0x93, 0x8C, 0x1A, 0x77, 0x77,
    0x2D, 0x72, 0x92, 0x2D, 0xDA, 0xEA, 0xA4, 0xD2, 0x8C, 0xEB, 0x9B, 0xD3,
    0x34, 0x4B, 0x7F, 0x6C, 0x15, 0xD7, 0xE6, 0xE5, 0xD0, 0xAE, 0x85, 0x8B,
    0xF3, 0x64, 0xDE, 0x6A, 0x33, 0x05, 0x02, 0xE6, 0x16, 0x44, 0x25, 0x02,
    0x46, 0x98, 0x8C, 0xDC, 0xC6, 0x47, 0x4A, 0xEC, 0xF2, 0xEE, 0xFC, 0x73,
    0x93, 0x30, 0x31, 0x86, 0x85, 0x3B, 0x15, 0x6B, 0x91, 0x58, 0x71, 0xD8,
    0x29, 0x6D, 0xF7, 0x7B, 0xA5, 0x5E, 0x6E, 0x03, 0xA4, 0x18, 0xCB, 0xE1,
    0xCB, 0xDC, 0x99, 0x6A, 0xA9, 0x81, 0x2D, 0x72, 0x82, 0x26, 0x02, 0x20,
    0xE8, 0xE3, 0x74, 0xCC, 0xAF, 0x17, 0x61, 0x26, 0x5A, 0xBE, 0x86, 0x6F,
    0x31, 0x28, 0x34, 0x8F, 0x9D, 0x08, 0x08, 0x1C, 0x35, 0x24, 0x9C, 0xE2,
    0xE7, 0xB1, 0x78, 0x09, 0x93, 0xB1, 0x48, 0xAD, 0xEF, 0xCD, 0x0A, 0xDB,
    0x27, 0x25, 0xC5, 0xD2, 0x2C, 0xA2, 0xA7, 0xBE, 0xCB, 0x2A, 0xF6, 0x6A,
    0xC2, 0x15, 0xE1, 0xD9, 0x10, 0x40, 0x0A, 0xD6, 0x8E, 0x0D, 0xB2, 0xBA,
    0xCC, 0x79, 0x48, 0x80, 0x45, 0xAE, 0xEB, 0xF9, 0x5E, 0x11, 0xCC, 0xBF,
    0xC6, 0x90, 0x3F, 0xDE, 0xD0, 0xAD, 0xFB, 0x47, 0x0C, 0xDB, 0xA9, 0x05,
    0x81, 0x7C, 0x13, 0xF8, 0xA1, 0x27, 0xDB, 0xB3, 0x0F, 0xA5, 0x59, 0xDE,
    0xAE, 0x78, 0xF6, 0xC8, 0xBE, 0xAD, 0xC7, 0xCE, 0x60, 0xDC, 0x7F, 0x85,
    0xB4, 0x66, 0xBA, 0xB2, 0xEE, 0xFA, 0x67, 0x0F, 0xFC, 0xD6, 0x7C, 0x16,
    0xFD, 0x3A, 0xFC, 0xF0, 0x5C, 0xFF, 0xC4, 0x92, 0x1F, 0x6B, 0x4E, 0xC6,
    0x2B, 0xC9, 0x25, 0x54, 0xF1, 0x45, 0xF0, 0xA0, 0xC2, 0x8E, 0x33, 0xAE,
    0xE4, 0x44, 0xD4, 0xA0, 0x45, 0x82, 0x53, 0xD7, 0xDC, 0xD7, 0xE9, 0x8F,
    0x72, 0xCD, 0x9C, 0x02, 0xE1, 0x6E, 0x7E, 0xF5, 0xF1, 0x89, 0x16, 0x53,
    0xEE, 0x7E, 0xE6, 0x77, 0x51, 0xE8, 0xA4, 0x20, 0x31, 0xB4, 0x14, 0xB1,
    0x3A, 0x3D, 0xD2, 0x69, 0xFC, 0x9A, 0xED, 0x95, 0xCF, 0x44, 0x0B, 0xBC,
    0xEA, 0x88, 0x86, 0x82, 0xC6, 0x80, 0x4B, 0xBB, 0x78, 0x60, 0x87, 0xF7,
    0x24, 0x0A, 0xCA, 0x21, 0x96, 0x7A, 0xDA, 0x70, 0x24, 0xC3, 0x9D, 0x3A,
    0x77, 0xD2, 0xB0, 0xFD, 0xF1, 0x01, 0x0F, 0xDD, 0x22, 0xF7, 0x31, 0xE7,
    0x25, 0xB4, 0xC2, 0x78, 0xB8, 0x94, 0x86, 0xD9, 0xE0, 0x18, 0xC2, 0x3E,
    0x81, 0x06, 0x87, 0x34, 0xFF, 0x00, 0xFE, 0x40, 0xB2, 0x86, 0xC0, 0xF2,
    0x60, 0x2F, 0x47, 0xF8, 0xFC, 0x28, 0x9B, 0x72, 0x0C, 0x14, 0x01, 0xE5,
    0x9B, 0x29, 0xC0, 0x34, 0x55, 0x90, 0x41, 0x05, 0xAD, 0xCF, 0x75, 0xCC,
    0xBF, 0x1A, 0x5B, 0x11, 0xEE, 0x82, 0xF3, 0xB0, 0x81, 0x55, 0x1E, 0xD2,
    0x3D, 0x6A, 0xFE, 0xCC, 0xCE, 0xEF, 0xD4, 0x3D, 0x9C, 0x13, 0x10, 0x33,
    0xF8, 0x98, 0xDD, 0x5D, 0xC4, 0x99, 0x39, 0x24, 0xDD, 0x5A, 0xCC, 0x8E,
    0xCE, 0x40, 0xFA, 0x90, 0x96, 0x86, 0x68, 0x16, 0x6F, 0x6E, 0xF4, 0xEE,
    0x8C, 0xC8, 0xD6, 0xAE, 0x97, 0x9D, 0xDE
};

const unsigned char EmbeddedTestCSCA_5[] = {
    0x30, 0x82, 0x06, 0xA5, 0x30, 0x82, 0x04, 0x59, 0xA0, 0x03, 0x02, 0x01, 0x02, 0x02, 0x08, 0x19,
    0x96, 0xE1, 0x21, 0x46, 0x1F, 0xE3, 0xF3, 0x30, 0x41, 0x06, 0x09, 0x2A, 0x86, 0x48, 0x86, 0xF7,
    0x0D, 0x01, 0x01, 0x0A, 0x30, 0x34, 0xA0, 0x0F, 0x30, 0x0D, 0x06, 0x09, 0x60, 0x86, 0x48, 0x01,
    0x65, 0x03, 0x04, 0x02, 0x03, 0x05, 0x00, 0xA1, 0x1C, 0x30, 0x1A, 0x06, 0x09, 0x2A, 0x86, 0x48,
    0x86, 0xF7, 0x0D, 0x01, 0x01, 0x08, 0x30, 0x0D, 0x06, 0x09, 0x60, 0x86, 0x48, 0x01, 0x65, 0x03,
    0x04, 0x02, 0x03, 0x05, 0x00, 0xA2, 0x03, 0x02, 0x01, 0x40, 0x30, 0x81, 0x94, 0x31, 0x26, 0x30,
    0x24, 0x06, 0x03, 0x55, 0x04, 0x03, 0x0C, 0x1D, 0x49, 0x74, 0x61, 0x6C, 0x69, 0x61, 0x6E, 0x20,
    0x43, 0x6F, 0x75, 0x6E, 0x74, 0x72, 0x79, 0x20, 0x53, 0x69, 0x67, 0x6E, 0x65, 0x72, 0x20, 0x43,
    0x41, 0x2D, 0x53, 0x56, 0x49, 0x31, 0x3E, 0x30, 0x3C, 0x06, 0x03, 0x55, 0x04, 0x0B, 0x0C, 0x35,
    0x4E, 0x61, 0x74, 0x69, 0x6F, 0x6E, 0x61, 0x6C, 0x20, 0x45, 0x6C, 0x65, 0x63, 0x74, 0x72, 0x6F,
    0x6E, 0x69, 0x63, 0x20, 0x43, 0x65, 0x6E, 0x74, 0x65, 0x72, 0x20, 0x6F, 0x66, 0x20, 0x49, 0x74,
    0x61, 0x6C, 0x69, 0x61, 0x6E, 0x20, 0x4E, 0x61, 0x74, 0x69, 0x6F, 0x6E, 0x61, 0x6C, 0x20, 0x50,
    0x6F, 0x6C, 0x69, 0x63, 0x65, 0x31, 0x1D, 0x30, 0x1B, 0x06, 0x03, 0x55, 0x04, 0x0A, 0x0C, 0x14,
    0x4D, 0x69, 0x6E, 0x69, 0x73, 0x74, 0x72, 0x79, 0x20, 0x6F, 0x66, 0x20, 0x49, 0x6E, 0x74, 0x65,
    0x72, 0x69, 0x6F, 0x72, 0x31, 0x0B, 0x30, 0x09, 0x06, 0x03, 0x55, 0x04, 0x06, 0x13, 0x02, 0x49,
    0x54, 0x30, 0x1E, 0x17, 0x0D, 0x32, 0x31, 0x30, 0x31, 0x30, 0x38, 0x31, 0x30, 0x30, 0x31, 0x34,
    0x39, 0x5A, 0x17, 0x0D, 0x33, 0x32, 0x30, 0x34, 0x31, 0x30, 0x31, 0x30, 0x30, 0x31, 0x34, 0x39,
    0x5A, 0x30, 0x81, 0x96, 0x31, 0x1F, 0x30, 0x1D, 0x06, 0x03, 0x55, 0x04, 0x03, 0x0C, 0x16, 0x65,
    0x49, 0x64, 0x65, 0x6E, 0x74, 0x69, 0x74, 0x79, 0x43, 0x61, 0x72, 0x64, 0x53, 0x69, 0x67, 0x6E,
    0x65, 0x72, 0x53, 0x76, 0x69, 0x31, 0x0E, 0x30, 0x0C, 0x06, 0x03, 0x55, 0x04, 0x05, 0x13, 0x05,
    0x30, 0x30, 0x30, 0x30, 0x31, 0x31, 0x37, 0x30, 0x35, 0x06, 0x03, 0x55, 0x04, 0x0B, 0x0C, 0x2E,
    0x44, 0x69, 0x72, 0x65, 0x7A, 0x2E, 0x20, 0x43, 0x65, 0x6E, 0x74, 0x72, 0x2E, 0x20, 0x70, 0x65,
    0x72, 0x20, 0x69, 0x20, 0x53, 0x65, 0x72, 0x76, 0x69, 0x7A, 0x69, 0x20, 0x44, 0x65, 0x6D, 0x6F,
    0x67, 0x72, 0x61, 0x66, 0x69, 0x63, 0x69, 0x20, 0x2D, 0x20, 0x43, 0x4E, 0x53, 0x44, 0x31, 0x1D,
    0x30, 0x1B, 0x06, 0x03, 0x55, 0x04, 0x0A, 0x0C, 0x14, 0x4D, 0x69, 0x6E, 0x69, 0x73, 0x74, 0x72,
    0x79, 0x20, 0x6F, 0x66, 0x20, 0x49, 0x6E, 0x74, 0x65, 0x72, 0x69, 0x6F, 0x72, 0x31, 0x0B, 0x30,
    0x09, 0x06, 0x03, 0x55, 0x04, 0x06, 0x13, 0x02, 0x49, 0x54, 0x30, 0x82, 0x01, 0x22, 0x30, 0x0D,
    0x06, 0x09, 0x2A, 0x86, 0x48, 0x86, 0xF7, 0x0D, 0x01, 0x01, 0x01, 0x05, 0x00, 0x03, 0x82, 0x01,
    0x0F, 0x00, 0x30, 0x82, 0x01, 0x0A, 0x02, 0x82, 0x01, 0x01, 0x00, 0xE1, 0xDA, 0x95, 0x5B, 0x99,
    0x3D, 0xD1, 0x34, 0x6F, 0x6F, 0x2B, 0xA1, 0x33, 0x1C, 0x3D, 0xFE, 0xCB, 0x0C, 0x15, 0x3B, 0x30,
    0x3D, 0x7E, 0xAF, 0xAD, 0x61, 0x08, 0x1D, 0xBA, 0x7B, 0xEF, 0x4D, 0xDB, 0x34, 0x6F, 0x16, 0x57,
    0xF0, 0x49, 0xE4, 0x89, 0x41, 0xAA, 0x45, 0x7E, 0x47, 0x3B, 0x81, 0xFA, 0x89, 0x34, 0xF6, 0xD6,
    0x6D, 0x22, 0xC4, 0xE2, 0x83, 0xC6, 0x07, 0x65, 0xF1, 0xB0, 0x47, 0xCA, 0x2B, 0xEC, 0xF2, 0x73,
    0x8C, 0x49, 0xEE, 0x12, 0xC3, 0x6D, 0xCF, 0xEF, 0xD3, 0x17, 0xEE, 0x6F, 0xC0, 0xBA, 0x6C, 0x29,
    0xB0, 0xF7, 0x38, 0xF1, 0x73, 0x34, 0xCA, 0xD5, 0xD6, 0x1D, 0xC4, 0xCB, 0x28, 0xB0, 0x4B, 0xBE,
    0x9C, 0xAA, 0x07, 0x0E, 0x82, 0xBD, 0xE6, 0xD8, 0x15, 0x3F, 0x9E, 0xA1, 0xD1, 0x71, 0x8B, 0xA4,
    0x5B, 0x65, 0x57, 0x69, 0x36, 0x72, 0x68, 0xD5, 0x10, 0xD4, 0x29, 0x10, 0x0E, 0x51, 0xFA, 0xA2,
    0x18, 0x38, 0x7A, 0xCF, 0x06, 0x1C, 0xF7, 0x2D, 0x19, 0x4A, 0x38, 0xF5, 0x7B, 0xC5, 0x44, 0xBA,
    0x13, 0x49, 0x16, 0x57, 0x10, 0xF0, 0x04, 0x84, 0xCB, 0x81, 0x8E, 0x87, 0x1E, 0xA2, 0x81, 0x93,
    0x0B, 0xFE, 0xBC, 0x07, 0xC1, 0xF7, 0x64, 0x02, 0xFF, 0x83, 0x1E, 0xD2, 0x63, 0xF3, 0x7B, 0x10,
    0xB2, 0x85, 0x00, 0x4C, 0xA6, 0x70, 0x72, 0xB1, 0x64, 0x4D, 0xFE, 0xF4, 0xFE, 0x08, 0x05, 0x42,
    0xB8, 0x50, 0xD6, 0x78, 0xF8, 0x12, 0x9B, 0xD8, 0xC0, 0xC7, 0x7A, 0xF5, 0xDC, 0x53, 0x69, 0x8F,
    0xA9, 0x59, 0x96, 0x25, 0xE6, 0xC5, 0x6E, 0x94, 0xDE, 0x5A, 0xB6, 0xCF, 0xB8, 0x2F, 0x4B, 0x6A,
    0xE3, 0x7C, 0xA8, 0x6E, 0x54, 0xB7, 0x7B, 0xC8, 0xA1, 0xE2, 0x6B, 0x58, 0xB7, 0x02, 0x53, 0x9E,
    0x66, 0xB9, 0x6E, 0x0F, 0xD1, 0x3D, 0x6F, 0x94, 0x50, 0xF9, 0x55, 0x02, 0x03, 0x01, 0x00, 0x01,
    0xA3, 0x82, 0x01, 0x8D, 0x30, 0x82, 0x01, 0x89, 0x30, 0x15, 0x06, 0x07, 0x67, 0x81, 0x08, 0x01,
    0x01, 0x06, 0x02, 0x04, 0x0A, 0x30, 0x08, 0x02, 0x01, 0x00, 0x31, 0x03, 0x13, 0x01, 0x43, 0x30,
    0x1F, 0x06, 0x03, 0x55, 0x1D, 0x23, 0x04, 0x18, 0x30, 0x16, 0x80, 0x14, 0x56, 0x8A, 0xA8, 0x77,
    0x58, 0xF2, 0xDC, 0x60, 0x20, 0x0C, 0x31, 0xFD, 0x68, 0x08, 0xFD, 0x27, 0x4C, 0xB0, 0xF6, 0xF0,
    0x30, 0x51, 0x06, 0x03, 0x55, 0x1D, 0x12, 0x04, 0x4A, 0x30, 0x48, 0x81, 0x13, 0x73, 0x70, 0x6F,
    0x63, 0x2D, 0x69, 0x74, 0x61, 0x40, 0x69, 0x6E, 0x74, 0x65, 0x72, 0x6E, 0x6F, 0x2E, 0x69, 0x74,
    0xA4, 0x10, 0x30, 0x0E, 0x31, 0x0C, 0x30, 0x0A, 0x06, 0x03, 0x55, 0x04, 0x07, 0x0C, 0x03, 0x49,
    0x54, 0x41, 0x86, 0x1F, 0x68, 0x74, 0x74, 0x70, 0x3A, 0x2F, 0x2F, 0x63, 0x73, 0x63, 0x61, 0x2D,
    0x69, 0x74, 0x61, 0x2E, 0x69, 0x6E, 0x74, 0x65, 0x72, 0x6E, 0x6F, 0x2E, 0x67, 0x6F, 0x76, 0x2E,
    0x69, 0x74, 0x2F, 0x30, 0x51, 0x06, 0x03, 0x55, 0x1D, 0x11, 0x04, 0x4A, 0x30, 0x48, 0x81, 0x13,
    0x73, 0x70, 0x6F, 0x63, 0x2D, 0x69, 0x74, 0x61, 0x40, 0x69, 0x6E, 0x74, 0x65, 0x72, 0x6E, 0x6F,
    0x2E, 0x69, 0x74, 0xA4, 0x10, 0x30, 0x0E, 0x31, 0x0C, 0x30, 0x0A, 0x06, 0x03, 0x55, 0x04, 0x07,
    0x0C, 0x03, 0x49, 0x54, 0x41, 0x86, 0x1F, 0x68, 0x74, 0x74, 0x70, 0x3A, 0x2F, 0x2F, 0x63, 0x73,
    0x63, 0x61, 0x2D, 0x69, 0x74, 0x61, 0x2E, 0x69, 0x6E, 0x74, 0x65, 0x72, 0x6E, 0x6F, 0x2E, 0x67,
    0x6F, 0x76, 0x2E, 0x69, 0x74, 0x2F, 0x30, 0x4D, 0x06, 0x03, 0x55, 0x1D, 0x1F, 0x04, 0x46, 0x30,
    0x44, 0x30, 0x42, 0xA0, 0x40, 0xA0, 0x3E, 0x86, 0x3C, 0x68, 0x74, 0x74, 0x70, 0x73, 0x3A, 0x2F,
    0x2F, 0x63, 0x73, 0x63, 0x61, 0x2D, 0x69, 0x74, 0x61, 0x2E, 0x69, 0x6E, 0x74, 0x65, 0x72, 0x6E,
    0x6F, 0x2E, 0x67, 0x6F, 0x76, 0x2E, 0x69, 0x74, 0x2F, 0x63, 0x65, 0x72, 0x74, 0x69, 0x66, 0x69,
    0x63, 0x61, 0x74, 0x69, 0x43, 0x53, 0x43, 0x41, 0x2F, 0x43, 0x52, 0x4C, 0x5F, 0x43, 0x53, 0x43,
    0x41, 0x2E, 0x63, 0x72, 0x6C, 0x30, 0x1D, 0x06, 0x03, 0x55, 0x1D, 0x0E, 0x04, 0x16, 0x04, 0x14,
    0x00, 0xDC, 0xBE, 0xD7, 0x88, 0x4B, 0x4F, 0x3D, 0xFA, 0xAD, 0x86, 0xC0, 0xE1, 0x74, 0x70, 0x51,
    0x1F, 0x25, 0x94, 0x0C, 0x30, 0x2B, 0x06, 0x03, 0x55, 0x1D, 0x10, 0x04, 0x24, 0x30, 0x22, 0x80,
    0x0F, 0x32, 0x30, 0x32, 0x31, 0x30, 0x31, 0x30, 0x38, 0x31, 0x30, 0x30, 0x31, 0x34, 0x39, 0x5A,
    0x81, 0x0F, 0x32, 0x30, 0x32, 0x31, 0x30, 0x34, 0x30, 0x38, 0x31, 0x30, 0x30, 0x31, 0x34, 0x39,
    0x5A, 0x30, 0x0E, 0x06, 0x03, 0x55, 0x1D, 0x0F, 0x01, 0x01, 0xFF, 0x04, 0x04, 0x03, 0x02, 0x07,
    0x80, 0x30, 0x41, 0x06, 0x09, 0x2A, 0x86, 0x48, 0x86, 0xF7, 0x0D, 0x01, 0x01, 0x0A, 0x30, 0x34,
    0xA0, 0x0F, 0x30, 0x0D, 0x06, 0x09, 0x60, 0x86, 0x48, 0x01, 0x65, 0x03, 0x04, 0x02, 0x03, 0x05,
    0x00, 0xA1, 0x1C, 0x30, 0x1A, 0x06, 0x09, 0x2A, 0x86, 0x48, 0x86, 0xF7, 0x0D, 0x01, 0x01, 0x08,
    0x30, 0x0D, 0x06, 0x09, 0x60, 0x86, 0x48, 0x01, 0x65, 0x03, 0x04, 0x02, 0x03, 0x05, 0x00, 0xA2,
    0x03, 0x02, 0x01, 0x40, 0x03, 0x82, 0x02, 0x01, 0x00, 0x99, 0x43, 0x1A, 0xA5, 0x4E, 0x69, 0xF4,
    0x33, 0x78, 0xF4, 0x84, 0x31, 0x97, 0x3B, 0xF6, 0x93, 0x96, 0x7A, 0x3E, 0xF4, 0x6D, 0xE4, 0x1A,
    0xBD, 0xE0, 0x77, 0x12, 0xA6, 0x55, 0x19, 0xA4, 0xF3, 0x55, 0x6C, 0xCC, 0xE9, 0xA9, 0xE0, 0x3D,
    0x35, 0x3D, 0x79, 0x73, 0x73, 0xC1, 0x6F, 0x25, 0x0B, 0x13, 0xBC, 0x0F, 0x27, 0xA4, 0xF2, 0x96,
    0x81, 0x4D, 0x32, 0x93, 0x76, 0xCE, 0xAF, 0x46, 0xF3, 0x2E, 0xE1, 0xC2, 0xC8, 0xC6, 0x77, 0x04,
    0x96, 0x6D, 0x23, 0xF4, 0x7E, 0x00, 0x3A, 0x50, 0xAA, 0xBC, 0x1F, 0x2B, 0x65, 0xD5, 0xD1, 0xE2,
    0xA6, 0xC8, 0xAC, 0x98, 0xA1, 0xFE, 0x64, 0xB2, 0xA5, 0x06, 0x89, 0x71, 0x1D, 0x9D, 0xF3, 0x77,
    0x5A, 0xBA, 0x81, 0x0D, 0xC0, 0x02, 0xD9, 0xA7, 0xDA, 0x08, 0x82, 0x8D, 0xA6, 0x06, 0x31, 0x7D,
    0x82, 0xFB, 0x9B, 0x8A, 0x4E, 0xDB, 0x14, 0xE3, 0x60, 0xBB, 0x77, 0xB2, 0x49, 0xAE, 0x2F, 0x89,
    0x2B, 0xEB, 0xE3, 0x11, 0x60, 0x6D, 0x8D, 0x69, 0x9C, 0x89, 0x38, 0x75, 0xF8, 0x6B, 0xC7, 0x9C,
    0xBC, 0x8F, 0xAB, 0x58, 0xB2, 0x26, 0x11, 0x50, 0x4B, 0x7E, 0x81, 0xF6, 0xC0, 0xE4, 0x70, 0x58,
    0x6D, 0x67, 0x7F, 0x66, 0xBF, 0x44, 0xC8, 0xA7, 0xDD, 0x6F, 0x22, 0x62, 0x3D, 0xE0, 0x77, 0x1B,
    0xBD, 0xAC, 0x7D, 0xB0, 0xEA, 0x60, 0x78, 0x27, 0xD0, 0x98, 0x7E, 0x69, 0x93, 0xC0, 0xEE, 0x36,
    0x11, 0xDB, 0x75, 0x4C, 0x84, 0x4D, 0x41, 0x46, 0x13, 0xD8, 0xC5, 0xBD, 0x13, 0x0C, 0x71, 0x80,
    0x33, 0x3B, 0x2C, 0xCE, 0x33, 0x7F, 0x42, 0xCA, 0x04, 0x94, 0x51, 0x5E, 0x14, 0x82, 0x96, 0x08,
    0xD1, 0x18, 0x28, 0xB7, 0xF6, 0x74, 0x87, 0x9A, 0x03, 0x45, 0xD4, 0x5E, 0xD9, 0xAF, 0x19, 0xD0,
    0x09, 0xD1, 0xCB, 0xF8, 0x12, 0x87, 0x10, 0x2C, 0x2B, 0x3C, 0x58, 0x50, 0x9D, 0x24, 0x00, 0x87,
    0xCD, 0x15, 0x81, 0x66, 0x0A, 0xBF, 0x7E, 0xD2, 0xC4, 0x33, 0x75, 0x39, 0x66, 0x95, 0x9A, 0xEE,
    0x27, 0xBD, 0x90, 0xCC, 0x0B, 0x81, 0xE9, 0xBD, 0xBC, 0xA7, 0x7B, 0xA9, 0x82, 0x2D, 0xA5, 0xA9,
    0x87, 0xE6, 0x4C, 0x92, 0x41, 0x82, 0x04, 0x02, 0xC8, 0x67, 0x56, 0x86, 0xC8, 0x66, 0x6B, 0xD7,
    0x17, 0xAA, 0x62, 0x31, 0xA7, 0x13, 0xEC, 0xA5, 0x64, 0x96, 0x52, 0xD9, 0x21, 0xFA, 0x2D, 0xA1,
    0xAF, 0x10, 0xE6, 0x05, 0x9D, 0xC8, 0x7C, 0x2E, 0x4D, 0xD7, 0x6A, 0xF4, 0x0F, 0xDD, 0x20, 0xF4,
    0xBB, 0x13, 0x9D, 0x12, 0x43, 0x56, 0x44, 0xAD, 0x2B, 0x02, 0xDF, 0x2E, 0x8A, 0x03, 0xC6, 0x4E,
    0xF3, 0x10, 0x2B, 0x53, 0x02, 0x55, 0xB2, 0x62, 0xE2, 0x5F, 0x43, 0xB8, 0xD0, 0x26, 0x61, 0xFD,
    0xC9, 0xCE, 0x55, 0x2E, 0x98, 0x03, 0xAC, 0xD1, 0xB8, 0x9B, 0x67, 0x58, 0xD1, 0x71, 0xC5, 0xE0,
    0x2A, 0x16, 0x70, 0x1D, 0x9A, 0x56, 0x5B, 0xD7, 0xFF, 0x76, 0xE2, 0xDE, 0x9D, 0x2C, 0xB5, 0x3A,
    0x19, 0x65, 0x35, 0xE6, 0x97, 0x53, 0x49, 0x4A, 0xA0, 0x3A, 0x25, 0xA9, 0xC6, 0x92, 0xF4, 0x0C,
    0xF2, 0x0B, 0xC6, 0x66, 0x25, 0x5E, 0x61, 0x83, 0x72, 0x77, 0x76, 0x30, 0xCA, 0xF4, 0xA3, 0x15,
    0x73, 0x8C, 0x4B, 0x3B, 0xAD, 0xE8, 0x51, 0x98, 0x13, 0x0D, 0x3C, 0x98, 0x50, 0xCF, 0x61, 0xE5,
    0x4D, 0x30, 0x43, 0x1C, 0xF0, 0x11, 0x33, 0xB7, 0x35, 0x5F, 0x89, 0xBA, 0x9D, 0x8B, 0xA0, 0x21,
    0x52, 0x43, 0x87, 0xF8, 0x08, 0x56, 0xD1, 0x6D, 0x7B, 0xD3, 0x11, 0xAF, 0xF1, 0xF3, 0x35, 0x4A,
    0xCA, 0xAE, 0x4C, 0x2F, 0x22, 0x47, 0xEA, 0xBB, 0x6C, 0x26, 0x7F, 0xCE, 0x4C, 0xB5, 0x92, 0x47,
    0xF4, 0x35, 0x59, 0x9E, 0xD9, 0x22, 0x0C, 0xDE, 0x83
};

const unsigned char EmbeddedTestCSCA_6[] = {
    0x30, 0x82, 0x07, 0xA6, 0x30, 0x82, 0x05, 0x5A, 0xA0, 0x03, 0x02, 0x01, 0x02, 0x02, 0x08, 0x12,
    0x39, 0xC7, 0x8D, 0xA9, 0x39, 0x26, 0xF9, 0x30, 0x41, 0x06, 0x09, 0x2A, 0x86, 0x48, 0x86, 0xF7,
    0x0D, 0x01, 0x01, 0x0A, 0x30, 0x34, 0xA0, 0x0F, 0x30, 0x0D, 0x06, 0x09, 0x60, 0x86, 0x48, 0x01,
    0x65, 0x03, 0x04, 0x02, 0x03, 0x05, 0x00, 0xA1, 0x1C, 0x30, 0x1A, 0x06, 0x09, 0x2A, 0x86, 0x48,
    0x86, 0xF7, 0x0D, 0x01, 0x01, 0x08, 0x30, 0x0D, 0x06, 0x09, 0x60, 0x86, 0x48, 0x01, 0x65, 0x03,
    0x04, 0x02, 0x03, 0x05, 0x00, 0xA2, 0x03, 0x02, 0x01, 0x40, 0x30, 0x81, 0x97, 0x31, 0x29, 0x30,
    0x27, 0x06, 0x03, 0x55, 0x04, 0x03, 0x13, 0x20, 0x49, 0x74, 0x61, 0x6C, 0x69, 0x61, 0x6E, 0x20,
    0x43, 0x6F, 0x75, 0x6E, 0x74, 0x72, 0x79, 0x20, 0x53, 0x69, 0x67, 0x6E, 0x65, 0x72, 0x20, 0x43,
    0x41, 0x20, 0x2D, 0x20, 0x54, 0x45, 0x53, 0x54, 0x31, 0x3E, 0x30, 0x3C, 0x06, 0x03, 0x55, 0x04,
    0x0B, 0x13, 0x35, 0x4E, 0x61, 0x74, 0x69, 0x6F, 0x6E, 0x61, 0x6C, 0x20, 0x45, 0x6C, 0x65, 0x63,
    0x74, 0x72, 0x6F, 0x6E, 0x69, 0x63, 0x20, 0x43, 0x65, 0x6E, 0x74, 0x65, 0x72, 0x20, 0x6F, 0x66,
    0x20, 0x49, 0x74, 0x61, 0x6C, 0x69, 0x61, 0x6E, 0x20, 0x4E, 0x61, 0x74, 0x69, 0x6F, 0x6E, 0x61,
    0x6C, 0x20, 0x50, 0x6F, 0x6C, 0x69, 0x63, 0x65, 0x31, 0x1D, 0x30, 0x1B, 0x06, 0x03, 0x55, 0x04,
    0x0A, 0x13, 0x14, 0x4D, 0x69, 0x6E, 0x69, 0x73, 0x74, 0x72, 0x79, 0x20, 0x6F, 0x66, 0x20, 0x49,
    0x6E, 0x74, 0x65, 0x72, 0x69, 0x6F, 0x72, 0x31, 0x0B, 0x30, 0x09, 0x06, 0x03, 0x55, 0x04, 0x06,
    0x13, 0x02, 0x49, 0x54, 0x30, 0x1E, 0x17, 0x0D, 0x32, 0x34, 0x30, 0x33, 0x32, 0x39, 0x31, 0x37,
    0x30, 0x35, 0x34, 0x37, 0x5A, 0x17, 0x0D, 0x33, 0x39, 0x30, 0x36, 0x32, 0x34, 0x31, 0x37, 0x30,
    0x35, 0x34, 0x36, 0x5A, 0x30, 0x81, 0x97, 0x31, 0x29, 0x30, 0x27, 0x06, 0x03, 0x55, 0x04, 0x03,
    0x13, 0x20, 0x49, 0x74, 0x61, 0x6C, 0x69, 0x61, 0x6E, 0x20, 0x43, 0x6F, 0x75, 0x6E, 0x74, 0x72,
    0x79, 0x20, 0x53, 0x69, 0x67, 0x6E, 0x65, 0x72, 0x20, 0x43, 0x41, 0x20, 0x2D, 0x20, 0x54, 0x45,
    0x53, 0x54, 0x31, 0x3E, 0x30, 0x3C, 0x06, 0x03, 0x55, 0x04, 0x0B, 0x13, 0x35, 0x4E, 0x61, 0x74,
    0x69, 0x6F, 0x6E, 0x61, 0x6C, 0x20, 0x45, 0x6C, 0x65, 0x63, 0x74, 0x72, 0x6F, 0x6E, 0x69, 0x63,
    0x20, 0x43, 0x65, 0x6E, 0x74, 0x65, 0x72, 0x20, 0x6F, 0x66, 0x20, 0x49, 0x74, 0x61, 0x6C, 0x69,
    0x61, 0x6E, 0x20, 0x4E, 0x61, 0x74, 0x69, 0x6F, 0x6E, 0x61, 0x6C, 0x20, 0x50, 0x6F, 0x6C, 0x69,
    0x63, 0x65, 0x31, 0x1D, 0x30, 0x1B, 0x06, 0x03, 0x55, 0x04, 0x0A, 0x13, 0x14, 0x4D, 0x69, 0x6E,
    0x69, 0x73, 0x74, 0x72, 0x79, 0x20, 0x6F, 0x66, 0x20, 0x49, 0x6E, 0x74, 0x65, 0x72, 0x69, 0x6F,
    0x72, 0x31, 0x0B, 0x30, 0x09, 0x06, 0x03, 0x55, 0x04, 0x06, 0x13, 0x02, 0x49, 0x54, 0x30, 0x82,
    0x02, 0x22, 0x30, 0x0D, 0x06, 0x09, 0x2A, 0x86, 0x48, 0x86, 0xF7, 0x0D, 0x01, 0x01, 0x01, 0x05,
    0x00, 0x03, 0x82, 0x02, 0x0F, 0x00, 0x30, 0x82, 0x02, 0x0A, 0x02, 0x82, 0x02, 0x01, 0x00, 0xE8,
    0x04, 0x87, 0x38, 0xE7, 0x1F, 0xC9, 0xB2, 0x40, 0x77, 0x9E, 0x7F, 0xA7, 0x4C, 0x1B, 0x6C, 0x18,
    0xBB, 0x97, 0x25, 0xD3, 0xB1, 0x88, 0xB4, 0x3E, 0x99, 0x42, 0x2E, 0x74, 0x2F, 0x5F, 0xE7, 0x69,
    0xAC, 0xAA, 0x39, 0xCB, 0x6A, 0x82, 0x40, 0xB9, 0x35, 0x7A, 0x96, 0x93, 0x8A, 0x5D, 0x0B, 0xF9,
    0x04, 0xE0, 0x98, 0xC5, 0x71, 0x9C, 0x11, 0x38, 0xEE, 0xC5, 0xEE, 0x2F, 0x9F, 0x6E, 0xF1, 0x1D,
    0x0F, 0x68, 0x62, 0x35, 0xA9, 0x5E, 0x06, 0x21, 0xC7, 0xBA, 0x5F, 0xA4, 0x0B, 0x77, 0xC9, 0x96,
    0x2C, 0x14, 0xAC, 0xB1, 0x4D, 0x1F, 0x4E, 0x6A, 0xE5, 0x3B, 0x8E, 0x2E, 0x9F, 0xFE, 0xBC, 0xE9,
    0x82, 0x6A, 0x91, 0xCB, 0xF7, 0xD6, 0x54, 0x87, 0x2E, 0x05, 0x5E, 0xE1, 0x2D, 0x8C, 0x21, 0x39,
    0xAE, 0x5E, 0xA0, 0xA3, 0x4E, 0x9E, 0x13, 0xE5, 0x12, 0xF8, 0x49, 0x3C, 0x7D, 0xE9, 0x5E, 0xAF,
    0xF3, 0x8A, 0x12, 0x57, 0xF0, 0xA0, 0x77, 0x96, 0x62, 0xD5, 0x5A, 0xE2, 0xD2, 0x0A, 0x9C, 0x6E,
    0x21, 0xA8, 0x9B, 0xAF, 0x6A, 0x18, 0x98, 0x55, 0xF8, 0xAF, 0x53, 0x05, 0x86, 0x51, 0xC9, 0x0F,
    0x1C, 0x70, 0x4E, 0xB9, 0x1A, 0x4A, 0x5C, 0x7E, 0x3E, 0x5B, 0xD7, 0x02, 0x1C, 0xD1, 0xE6, 0x00,
    0x3E, 0x32, 0x18, 0x7A, 0xA1, 0x35, 0x26, 0x9C, 0x9F, 0xEB, 0x3D, 0x47, 0xFD, 0x34, 0x5D, 0x04,
    0x13, 0xEA, 0x14, 0x29, 0x3F, 0x60, 0x68, 0x3E, 0xD9, 0x20, 0x8D, 0xD5, 0x99, 0x2A, 0x79, 0xC6,
    0x3E, 0x6A, 0x19, 0x26, 0x12, 0x2F, 0x0F, 0x8E, 0x8E, 0x5E, 0xF9, 0xE7, 0x4E, 0xB7, 0xB3, 0xC2,
    0x8E, 0x90, 0x2A, 0x41, 0xFE, 0x49, 0xA9, 0x3E, 0x9F, 0x81, 0xA8, 0x02, 0x15, 0x97, 0xF1, 0xEB,
    0x57, 0x8D, 0xB7, 0x68, 0x94, 0xD2, 0x54, 0xB4, 0x0B, 0x18, 0x87, 0xCC, 0xDC, 0x4D, 0x13, 0x83,
    0x34, 0x4E, 0x0F, 0xCB, 0x83, 0x1B, 0x5B, 0x60, 0xD7, 0x21, 0x35, 0xA0, 0x74, 0x90, 0xBB, 0x03,
    0xB6, 0x09, 0xA4, 0x1D, 0xF5, 0x44, 0x44, 0x06, 0x08, 0xE0, 0x4B, 0x48, 0xB5, 0xDD, 0x69, 0xF4,
    0xDF, 0xBF, 0x9D, 0xDD, 0xEA, 0x6E, 0xB9, 0xE7, 0xE0, 0x91, 0x9E, 0x7F, 0xB9, 0xB1, 0x45, 0xF6,
    0x2D, 0xF6, 0xF7, 0x8A, 0x56, 0x4B, 0x31, 0x37, 0x83, 0x09, 0x46, 0xB5, 0x84, 0x9E, 0x8E, 0x82,
    0x0E, 0x65, 0xDC, 0x60, 0x91, 0x47, 0x38, 0xE9, 0x41, 0x36, 0x8B, 0xBF, 0xE7, 0xFB, 0xA6, 0xCB,
    0x23, 0x34, 0xAD, 0xC2, 0x4C, 0x6E, 0x6E, 0x2E, 0xFC, 0xE8, 0x83, 0x8E, 0xED, 0xD3, 0xF2, 0xD1,
    0x54, 0xB8, 0xA6, 0xA6, 0xFD, 0x5C, 0x31, 0x76, 0x27, 0x65, 0xBB, 0x20, 0x24, 0x5D, 0x2A, 0x57,
    0xF4, 0xE3, 0xDF, 0xAC, 0x5F, 0x65, 0x4E, 0x69, 0x15, 0x6E, 0x1C, 0xFF, 0xA6, 0x8A, 0x26, 0x6D,
    0xB2, 0x56, 0xE9, 0x1C, 0xE2, 0x32, 0x5F, 0xB4, 0xBD, 0xBD, 0x65, 0x83, 0xCC, 0x57, 0x1C, 0x96,
    0xDB, 0xD0, 0x3B, 0x9A, 0xE7, 0x65, 0x0F, 0xBE, 0x25, 0x80, 0x32, 0x1E, 0x30, 0x76, 0xD6, 0xDF,
    0x26, 0x5D, 0x06, 0x22, 0xD6, 0x9E, 0xCE, 0x4D, 0xA3, 0x1F, 0x31, 0x8A, 0xDD, 0x67, 0x09, 0xED,
    0x57, 0x48, 0x28, 0x70, 0xDB, 0xF4, 0x5F, 0xCC, 0x1D, 0xC1, 0xC2, 0xA4, 0x9F, 0x9E, 0xF7, 0xAF,
    0x93, 0xAC, 0xB2, 0x73, 0x1A, 0x30, 0xEF, 0x2A, 0xF0, 0xF0, 0x29, 0x57, 0x56, 0xC0, 0xBD, 0xB9,
    0xB5, 0xCE, 0x0C, 0xE3, 0x20, 0x51, 0x76, 0x91, 0x09, 0x87, 0x79, 0x19, 0xD1, 0xAF, 0x9D, 0xAC,
    0x50, 0x2E, 0xC6, 0x63, 0x4B, 0x6F, 0x82, 0x5B, 0xAB, 0xDD, 0x16, 0x04, 0x25, 0xEF, 0xB0, 0x4F,
    0x35, 0xF9, 0xF1, 0x29, 0x46, 0xBF, 0xBF, 0x2C, 0x3B, 0x3A, 0xB2, 0x97, 0xA9, 0xB3, 0xD9, 0x02,
    0x03, 0x01, 0x00, 0x01, 0xA3, 0x82, 0x01, 0x8A, 0x30, 0x82, 0x01, 0x86, 0x30, 0x12, 0x06, 0x03,
    0x55, 0x1D, 0x13, 0x01, 0x01, 0xFF, 0x04, 0x08, 0x30, 0x06, 0x01, 0x01, 0xFF, 0x02, 0x01, 0x00,
    0x30, 0x1F, 0x06, 0x03, 0x55, 0x1D, 0x23, 0x04, 0x18, 0x30, 0x16, 0x80, 0x14, 0x24, 0x9C, 0x2D,
    0xA3, 0xC0, 0x67, 0xE3, 0x48, 0x67, 0xB7, 0x90, 0xB1, 0x42, 0x0F, 0xCC, 0x78, 0xAC, 0x91, 0x11,
    0x5B, 0x30, 0x51, 0x06, 0x03, 0x55, 0x1D, 0x12, 0x04, 0x4A, 0x30, 0x48, 0x81, 0x13, 0x73, 0x70,
    0x6F, 0x63, 0x2D, 0x69, 0x74, 0x61, 0x40, 0x69, 0x6E, 0x74, 0x65, 0x72, 0x6E, 0x6F, 0x2E, 0x69,
    0x74, 0xA4, 0x10, 0x30, 0x0E, 0x31, 0x0C, 0x30, 0x0A, 0x06, 0x03, 0x55, 0x04, 0x07, 0x0C, 0x03,
    0x49, 0x54, 0x41, 0x86, 0x1F, 0x68, 0x74, 0x74, 0x70, 0x3A, 0x2F, 0x2F, 0x63, 0x73, 0x63, 0x61,
    0x2D, 0x69, 0x74, 0x61, 0x2E, 0x69, 0x6E, 0x74, 0x65, 0x72, 0x6E, 0x6F, 0x2E, 0x67, 0x6F, 0x76,
    0x2E, 0x69, 0x74, 0x2F, 0x30, 0x51, 0x06, 0x03, 0x55, 0x1D, 0x11, 0x04, 0x4A, 0x30, 0x48, 0x81,
    0x13, 0x73, 0x70, 0x6F, 0x63, 0x2D, 0x69, 0x74, 0x61, 0x40, 0x69, 0x6E, 0x74, 0x65, 0x72, 0x6E,
    0x6F, 0x2E, 0x69, 0x74, 0xA4, 0x10, 0x30, 0x0E, 0x31, 0x0C, 0x30, 0x0A, 0x06, 0x03, 0x55, 0x04,
    0x07, 0x0C, 0x03, 0x49, 0x54, 0x41, 0x86, 0x1F, 0x68, 0x74, 0x74, 0x70, 0x3A, 0x2F, 0x2F, 0x63,
    0x73, 0x63, 0x61, 0x2D, 0x69, 0x74, 0x61, 0x2E, 0x69, 0x6E, 0x74, 0x65, 0x72, 0x6E, 0x6F, 0x2E,
    0x67, 0x6F, 0x76, 0x2E, 0x69, 0x74, 0x2F, 0x30, 0x4D, 0x06, 0x03, 0x55, 0x1D, 0x1F, 0x04, 0x46,
    0x30, 0x44, 0x30, 0x42, 0xA0, 0x40, 0xA0, 0x3E, 0x86, 0x3C, 0x68, 0x74, 0x74, 0x70, 0x73, 0x3A,
    0x2F, 0x2F, 0x63, 0x73, 0x63, 0x61, 0x2D, 0x69, 0x74, 0x61, 0x2E, 0x69, 0x6E, 0x74, 0x65, 0x72,
    0x6E, 0x6F, 0x2E, 0x67, 0x6F, 0x76, 0x2E, 0x69, 0x74, 0x2F, 0x63, 0x65, 0x72, 0x74, 0x69, 0x66,
    0x69, 0x63, 0x61, 0x74, 0x69, 0x43, 0x53, 0x43, 0x41, 0x2F, 0x43, 0x52, 0x4C, 0x5F, 0x43, 0x53,
    0x43, 0x41, 0x2E, 0x63, 0x72, 0x6C, 0x30, 0x1D, 0x06, 0x03, 0x55, 0x1D, 0x0E, 0x04, 0x16, 0x04,
    0x14, 0x24, 0x9C, 0x2D, 0xA3, 0xC0, 0x67, 0xE3, 0x48, 0x67, 0xB7, 0x90, 0xB1, 0x42, 0x0F, 0xCC,
    0x78, 0xAC, 0x91, 0x11, 0x5B, 0x30, 0x2B, 0x06, 0x03, 0x55, 0x1D, 0x10, 0x04, 0x24, 0x30, 0x22,
    0x80, 0x0F, 0x32, 0x30, 0x32, 0x34, 0x30, 0x33, 0x32, 0x39, 0x31, 0x37, 0x30, 0x35, 0x34, 0x37,
    0x5A, 0x81, 0x0F, 0x32, 0x30, 0x32, 0x38, 0x30, 0x33, 0x32, 0x38, 0x31, 0x37, 0x30, 0x35, 0x34,
    0x37, 0x5A, 0x30, 0x0E, 0x06, 0x03, 0x55, 0x1D, 0x0F, 0x01, 0x01, 0xFF, 0x04, 0x04, 0x03, 0x02,
    0x01, 0x06, 0x30, 0x41, 0x06, 0x09, 0x2A, 0x86, 0x48, 0x86, 0xF7, 0x0D, 0x01, 0x01, 0x0A, 0x30,
    0x34, 0xA0, 0x0F, 0x30, 0x0D, 0x06, 0x09, 0x60, 0x86, 0x48, 0x01, 0x65, 0x03, 0x04, 0x02, 0x03,
    0x05, 0x00, 0xA1, 0x1C, 0x30, 0x1A, 0x06, 0x09, 0x2A, 0x86, 0x48, 0x86, 0xF7, 0x0D, 0x01, 0x01,
    0x08, 0x30, 0x0D, 0x06, 0x09, 0x60, 0x86, 0x48, 0x01, 0x65, 0x03, 0x04, 0x02, 0x03, 0x05, 0x00,
    0xA2, 0x03, 0x02, 0x01, 0x40, 0x03, 0x82, 0x02, 0x01, 0x00, 0xBA, 0x7E, 0x5F, 0x50, 0x75, 0xA6,
    0x90, 0x41, 0x82, 0xF7, 0x3E, 0xDD, 0xBD, 0xA9, 0xD8, 0x56, 0xD3, 0xFC, 0x56, 0x1B, 0x68, 0xF9,
    0xCE, 0x86, 0x16, 0xF2, 0xD2, 0x49, 0xEB, 0x1E, 0xC9, 0x4D, 0x8D, 0x04, 0x79, 0x32, 0xC0, 0x50,
    0xBD, 0xC0, 0x0E, 0x49, 0x2D, 0x5F, 0x44, 0xB3, 0xCF, 0x20, 0x5B, 0x78, 0xC7, 0x83, 0x83, 0xD4,
    0x7A, 0x47, 0x28, 0x03, 0x4A, 0x10, 0xE7, 0xF4, 0x08, 0x05, 0x2A, 0x02, 0x65, 0xFF, 0xD8, 0x79,
    0x47, 0x2A, 0xFC, 0x92, 0x5B, 0x6A, 0x10, 0x0F, 0x64, 0x5C, 0xD3, 0x13, 0x1D, 0x59, 0x2C, 0x14,
    0x9B, 0x1C, 0x62, 0xDC, 0xB0, 0x82, 0x3F, 0x3E, 0x7C, 0x65, 0xA3, 0x35, 0x2D, 0x9C, 0x6A, 0x57,
    0x4C, 0xE9, 0x86, 0xE6, 0x3E, 0x98, 0xA0, 0x45, 0xF2, 0xC5, 0x99, 0xAD, 0x45, 0x4D, 0x5D, 0x63,
    0x94, 0xCA, 0x08, 0x9D, 0x61, 0x71, 0x74, 0x30, 0x53, 0xB7, 0x40, 0x21, 0x16, 0x33, 0x22, 0x59,
    0x0D, 0xDD, 0xE9, 0x71, 0x94, 0x7B, 0x90, 0x22, 0x00, 0x8D, 0xAA, 0xFC, 0x73, 0xB4, 0x39, 0x12,
    0x8E, 0x4E, 0xEC, 0xC2, 0x18, 0x1D, 0x20, 0x6B, 0xF9, 0x70, 0x6F, 0x05, 0xBC, 0x29, 0x45, 0xEE,
    0x46, 0xB6, 0x5E, 0x69, 0x2F, 0x17, 0x52, 0xE9, 0x17, 0x8A, 0xF7, 0xBD, 0x56, 0xC3, 0xE6, 0x4A,
    0x84, 0xF3, 0xFC, 0x53, 0xF5, 0x66, 0xDC, 0x7C, 0x14, 0xC2, 0x3B, 0x74, 0x67, 0x61, 0xC3, 0xF9,
    0xB6, 0x1E, 0xD0, 0x26, 0x26, 0xF6, 0x1A, 0x0B, 0xFE, 0xBF, 0x4D, 0x26, 0xCD, 0x96, 0xC6, 0x45,
    0xD0, 0x94, 0xB0, 0x08, 0x03, 0x89, 0x65, 0x0F, 0xEF, 0x4C, 0xB8, 0x28, 0x6A, 0xDC, 0x77, 0xDF,
    0xA8, 0xD9, 0x18, 0xA5, 0x44, 0xB3, 0x3F, 0xF0, 0x8C, 0x81, 0x66, 0xBE, 0x65, 0xEA, 0xE9, 0xF4,
    0xA6, 0xED, 0x2D, 0x35, 0x03, 0xE5, 0x3B, 0x5A, 0x96, 0x89, 0x7F, 0x5B, 0x11, 0x97, 0xAE, 0xB4,
    0x2D, 0x33, 0x75, 0x5D, 0x43, 0xBB, 0x04, 0x80, 0x17, 0x73, 0xAB, 0x31, 0xBB, 0xF5, 0x4F, 0xC4,
    0x99, 0x08, 0x84, 0xDF, 0xD3, 0xE5, 0x3E, 0x12, 0x83, 0x61, 0x46, 0xCB, 0x06, 0x7A, 0xB2, 0x89,
    0x52, 0xF0, 0x31, 0x25, 0x21, 0x1B, 0xD1, 0x17, 0xAA, 0xDC, 0xEA, 0x49, 0x9B, 0x04, 0xAC, 0xBC,
    0xF1, 0x20, 0x5B, 0xEB, 0x87, 0x0D, 0x67, 0x7E, 0x8F, 0xBB, 0xD2, 0xF8, 0xC7, 0x3B, 0x41, 0x39,
    0xF3, 0x33, 0x67, 0x63, 0xDC, 0x43, 0x06, 0x96, 0xEE, 0x47, 0x8D, 0x0A, 0x1A, 0x37, 0x01, 0x63,
    0x19, 0x99, 0x7F, 0x83, 0xE6, 0x60, 0x43, 0x81, 0x9C, 0xD3, 0x5D, 0x56, 0x5F, 0xFE, 0xDF, 0xC9,
    0x4B, 0x98, 0x2E, 0xF7, 0x42, 0x5C, 0x6A, 0x6A, 0x98, 0x96, 0xEB, 0xA7, 0x42, 0x41, 0x5F, 0xFF,
    0xD6, 0xAC, 0xBE, 0x5A, 0x77, 0x10, 0x97, 0xA0, 0xCD, 0xD1, 0x09, 0x10, 0x35, 0xBC, 0x93, 0x3B,
    0xBE, 0x67, 0x30, 0xF1, 0xF7, 0x63, 0xF6, 0x4C, 0xB3, 0xBE, 0x7B, 0x1A, 0xAD, 0x34, 0xEB, 0xB6,
    0x1C, 0x5D, 0x52, 0x8A, 0xFC, 0x17, 0xD1, 0x3B, 0x1A, 0x86, 0xFD, 0xC6, 0x46, 0x9C, 0x91, 0x40,
    0x97, 0xAB, 0x9D, 0xE4, 0x2A, 0xCB, 0x93, 0x29, 0xCA, 0x55, 0x50, 0x52, 0x56, 0x36, 0x82, 0xC0,
    0x0D, 0x5B, 0x16, 0xD1, 0x3F, 0x66, 0x47, 0x64, 0x56, 0xF3, 0x29, 0x2A, 0xF1, 0xCD, 0xCE, 0xA1,
    0x7F, 0xEA, 0x16, 0x43, 0x0F, 0x81, 0x03, 0x99, 0xD2, 0x2B, 0x34, 0xB6, 0x07, 0xC2, 0x19, 0x5C,
    0xAA, 0x98, 0x7F, 0x1F, 0xF0, 0x74, 0xCB, 0x88, 0x37, 0x93, 0x9F, 0xCC, 0xC8, 0xEE, 0x5C, 0x76,
    0x9B, 0x4B, 0x31, 0x8C, 0x3B, 0x0F, 0x31, 0x53, 0xE4, 0x46, 0xF9, 0x4A, 0x63, 0xBB, 0x43, 0xAF,
    0xCA, 0x6B, 0x6C, 0x95, 0x56, 0x3F, 0x73, 0x11, 0x27, 0xA9
};

#endif // CSCA_CERTIFICATES_H